Name,cluster
justin upton,0
chris young,0
ryan roberts,0
miguel montero,0
gerardo parra,0
kelly johnson,0
willie bloomquist,0
stephen drew,0
xavier nady,0
paul goldschmidt,0
melvin mora,0
henry blanco,0
collin cowgill,0
aaron hill,0
justin upton,0
paul goldschmidt,0
miguel montero,0
jason kubel,0
gerardo parra,0
chris young,0
willie bloomquist,0
ryan roberts,0
john mcdonald,0
ryan wheeler,0
lyle overbay,0
aj pollock,0
paul goldschmidt,0
martin prado,0
gerardo parra,0
aj pollock,0
miguel montero,0
didi gregorius,0
aaron hill,0
cody ross,0
cliff pennington,0
adam eaton,0
eric chavez,0
wil nieves,0
willie bloomquist,0
miguel montero,0
aaron hill,0
paul goldschmidt,0
ender inciarte,0
mark trumbo,0
david peralta,0
chris owings,0
didi gregorius,0
aj pollock,0
cody ross,0
cliff pennington,0
jake lamb,0
tuffy gosewisch,0
paul goldschmidt,0
aj pollock,0
ender inciarte,0
chris owings,0
david peralta,0
nick ahmed,0
yasmany tomas,0
jake lamb,0
aaron hill,0
welington castillo,0
jarrod saltalamacchia,0
phil gosselin,0
brandon drury,0
paul goldschmidt,0
jean segura,0
jake lamb,0
yasmany tomas,0
brandon drury,0
chris owings,0
welington castillo,0
phil gosselin,0
rickie weeks,0
chris herrmann,0
mitch haniger,0
tuffy gosewisch,0
socrates brito,0
paul goldschmidt,0
jake lamb,0
david peralta,0
brandon drury,0
aj pollock,0
daniel descalso,0
chris iannetta,0
jd martinez,0
gregor blanco,0
chris herrmann,0
ketel marte,0
jeff mathis,0
rey fuentes,0
paul goldschmidt,0
david peralta,0
ketel marte,0
nick ahmed,0
aj pollock,0
daniel descalso,0
jon jay,0
chris owings,0
steven souza jr,0
alex avila,0
eduardo escobar,0
john ryan murphy,0
jeff mathis,0
eduardo escobar,0
ketel marte,0
nick ahmed,0
christian walker,0
adam jones,0
jarrod dyson,0
carson kelly,0
wilmer flores,0
tim locastro,0
jake lamb,0
ildemaro vargas,0
alex avila,0
josh rojas,0
christian walker,0
kole calhoun,0
eduardo escobar,0
david peralta,0
nick ahmed,0
ketel marte,0
carson kelly,0
daulton varsho,0
tim locastro,0
stephen vogt,0
jon jay,0
pavin smith,0
josh vanmeter,0
josh rojas,0
pavin smith,0
david peralta,0
christian walker,0
ketel marte,0
carson kelly,0
daulton varsho,0
josh vanmeter,0
kole calhoun,0
jake mccarthy,0
henry ramos,0
ildemaro vargas,0
geraldo perdomo,0
christian walker,0
daulton varsho,0
josh rojas,0
geraldo perdomo,0
carson kelly,0
jake mccarthy,0
pavin smith,0
jordan luplow,0
cooper hummel,0
sergio alcantara,0
corbin carroll,0
buddy kennedy,0
stone garrett,0
christian walker,0
ketel marte,0
corbin carroll,0
lourdes gurriel jr,0
geraldo perdomo,0
alek thomas,0
gabriel moreno,0
emmanuel rivera,0
evan longoria,0
pavin smith,0
tommy pham,0
jace peterson,0
jordan lawlar,0
corbin carroll,0
eugenio suarez,0
ketel marte,0
lourdes gurriel jr,0
christian walker,0
jake mccarthy,0
joc pederson,0
geraldo perdomo,0
gabriel moreno,0
kevin newman,0
randal grichuk,0
josh bell,0
pavin smith,0
dan uggla,0
freddie freeman,0
alex gonzalez,0
martin prado,0
brian mccann,0
chipper jones,0
jason heyward,0
nate mclouth,0
eric hinske,0
michael bourn,0
jordan schafer,0
david ross,0
brooks conrad,0
michael bourn,0
martin prado,0
jason heyward,0
dan uggla,0
freddie freeman,0
brian mccann,0
chipper jones,0
juan francisco,0
david ross,0
tyler pastornicky,0
andrelton simmons,0
eric hinske,0
matt diaz,0
andrelton simmons,0
justin upton,0
freddie freeman,0
chris johnson,0
dan uggla,0
bj upton,0
jason heyward,0
brian mccann,0
evan gattis,0
jordan schafer,0
gerald laird,0
reed johnson,0
ramiro pena,0
freddie freeman,0
jason heyward,0
justin upton,0
chris johnson,0
bj upton,0
andrelton simmons,0
evan gattis,0
tommy la stella,0
gerald laird,0
ryan doumit,0
ramiro pena,0
phil gosselin,0
emilio bonifacio,0
nick markakis,0
jace peterson,0
andrelton simmons,0
cameron maybin,0
freddie freeman,0
aj pierzynski,0
adonis garcia,0
christian bethancourt,0
michael bourn,0
pedro ciriaco,0
nick swisher,0
eury perez,0
daniel castro,0
freddie freeman,0
nick markakis,0
ender inciarte,0
adonis garcia,0
jace peterson,0
tyler flowers,0
chase darnaud,0
matt kemp,0
mallex smith,0
dansby swanson,0
daniel castro,0
anthony recker,0
brandon snyder,0
ender inciarte,0
nick markakis,0
dansby swanson,0
freddie freeman,0
matt kemp,0
tyler flowers,0
matt adams,0
kurt suzuki,0
johan camargo,0
ozzie albies,0
jace peterson,0
adonis garcia,0
rio ruiz,0
freddie freeman,0
nick markakis,0
ozzie albies,0
ender inciarte,0
dansby swanson,0
johan camargo,0
ronald acuna jr,0
kurt suzuki,0
charlie culberson,0
tyler flowers,0
ryan flaherty,0
preston tucker,0
adam duvall,0
ronald acuna jr,0
ozzie albies,0
freddie freeman,0
josh donaldson,0
dansby swanson,0
nick markakis,0
brian mccann,0
tyler flowers,0
austin riley,0
matt joyce,0
adam duvall,0
rafael ortega,0
adeiny hechavarria,0
marcell ozuna,0
dansby swanson,0
freddie freeman,0
adam duvall,0
austin riley,0
ronald acuna jr,0
travis darnaud,0
nick markakis,0
ender inciarte,0
ozzie albies,0
tyler flowers,0
adeiny hechavarria,0
pablo sandoval,0
freddie freeman,0
ozzie albies,0
austin riley,0
dansby swanson,0
ronald acuna jr,0
guillermo heredia,0
jorge soler,0
travis darnaud,0
adam duvall,0
ehire adrianza,0
joc pederson,0
william contreras,0
eddie rosario,0
matt olson,0
dansby swanson,0
austin riley,0
ronald acuna jr,0
marcell ozuna,0
michael harris ii,0
travis darnaud,0
william contreras,0
eddie rosario,0
orlando arcia,0
robbie grossman,0
vaughn grissom,0
guillermo heredia,0
ronald acuna jr,0
matt olson,0
austin riley,0
ozzie albies,0
marcell ozuna,0
michael harris ii,0
orlando arcia,0
eddie rosario,0
sean murphy,0
travis darnaud,0
kevin pillar,0
vaughn grissom,0
nicky lopez,0
marcell ozuna,0
matt olson,0
orlando arcia,0
michael harris ii,0
jarred kelenic,0
ozzie albies,0
travis darnaud,0
adam duvall,0
sean murphy,0
ramon laureano,0
jorge soler,0
whit merrifield,0
gio urshela,0
nick markakis,0
mark reynolds,0
adam jones,0
vladimir guerrero,0
jj hardy,0
matt wieters,0
robert andino,0
derrek lee,0
nolan reimold,0
luke scott,0
brian roberts,0
felix pie,0
chris davis,0
jj hardy,0
adam jones,0
matt wieters,0
chris davis,0
mark reynolds,0
nick markakis,0
robert andino,0
wilson betemit,0
manny machado,0
endy chavez,0
ryan flaherty,0
xavier avery,0
nick johnson,0
manny machado,0
nick markakis,0
adam jones,0
chris davis,0
jj hardy,0
nate mclouth,0
matt wieters,0
brian roberts,0
ryan flaherty,0
danny valencia,0
nolan reimold,0
steve pearce,0
alexi casilla,0
nick markakis,0
adam jones,0
nelson cruz,0
jj hardy,0
chris davis,0
jonathan schoop,0
steve pearce,0
manny machado,0
ryan flaherty,0
caleb joseph,0
delmon young,0
david lough,0
nick hundley,0
manny machado,0
chris davis,0
adam jones,0
jj hardy,0
jimmy paredes,0
caleb joseph,0
steve pearce,0
jonathan schoop,0
ryan flaherty,0
matt wieters,0
gerardo parra,0
nolan reimold,0
delmon young,0
manny machado,0
adam jones,0
mark trumbo,0
chris davis,0
jonathan schoop,0
matt wieters,0
jj hardy,0
pedro alvarez,0
nolan reimold,0
ryan flaherty,0
caleb joseph,0
michael bourn,0
francisco pena,0
manny machado,0
jonathan schoop,0
adam jones,0
mark trumbo,0
trey mancini,0
chris davis,0
seth smith,0
welington castillo,0
joey rickard,0
jj hardy,0
caleb joseph,0
tim beckham,0
craig gentry,0
trey mancini,0
adam jones,0
chris davis,0
tim beckham,0
caleb joseph,0
jonathan villar,0
jace peterson,0
joey rickard,0
renato nunez,0
cedric mullins,0
chance sisco,0
austin wynns,0
john andreoli,0
jonathan villar,0
trey mancini,0
renato nunez,0
hanser alberto,0
rio ruiz,0
anthony santander,0
dwight smith jr,0
stevie wilkerson,0
chris davis,0
pedro severino,0
richie martin,0
chance sisco,0
dj stewart,0
hanser alberto,0
renato nunez,0
rio ruiz,0
pedro severino,0
cedric mullins,0
jose iglesias,0
pat valaika,0
ryan mountcastle,0
austin hays,0
chance sisco,0
dj stewart,0
bryan holaday,0
ramon urias,0
cedric mullins,0
trey mancini,0
ryan mountcastle,0
austin hays,0
pedro severino,0
pat valaika,0
ryan mckenna,0
kelvin gutierrez,0
austin wynns,0
richie martin,0
jahmai jones,0
tyler nevin,0
nick ciuffo,0
cedric mullins,0
anthony santander,0
ryan mountcastle,0
austin hays,0
jorge mateo,0
rougned odor,0
adley rutschman,0
robinson chirinos,0
tyler nevin,0
ryan mckenna,0
gunnar henderson,0
terrin vavra,0
kyle stowers,0
adley rutschman,0
anthony santander,0
gunnar henderson,0
austin hays,0
ryan mountcastle,0
adam frazier,0
cedric mullins,0
ramon urias,0
ryan ohearn,0
jorge mateo,0
aaron hicks,0
jordan westburg,0
james mccann,0
gunnar henderson,0
anthony santander,0
adley rutschman,0
colton cowser,0
ryan mountcastle,0
cedric mullins,0
ryan ohearn,0
jordan westburg,0
ramon urias,0
james mccann,0
jackson holliday,0
heston kjerstad,0
austin slater,0
jacoby ellsbury,0
dustin pedroia,0
adrian gonzalez,0
david ortiz,0
carl crawford,0
kevin youkilis,0
marco scutaro,0
jarrod saltalamacchia,0
jed lowrie,0
jd drew,0
josh reddick,0
jason varitek,0
darnell mcdonald,0
dustin pedroia,0
mike aviles,0
cody ross,0
adrian gonzalez,0
jarrod saltalamacchia,0
david ortiz,0
jacoby ellsbury,0
daniel nava,0
will middlebrooks,0
pedro ciriaco,0
ryan sweeney,0
ryan lavarnway,0
nick punto,0
dustin pedroia,0
jacoby ellsbury,0
david ortiz,0
mike napoli,0
daniel nava,0
shane victorino,0
stephen drew,0
jarrod saltalamacchia,0
will middlebrooks,0
jonny gomes,0
mike carp,0
david ross,0
jackie bradley jr,0
dustin pedroia,0
david ortiz,0
xander bogaerts,0
mike napoli,0
brock holt,0
jackie bradley jr,0
daniel nava,0
will middlebrooks,0
yoenis cespedes,0
mookie betts,0
christian vazquez,0
david ross,0
shane victorino,0
mookie betts,0
xander bogaerts,0
david ortiz,0
brock holt,0
pablo sandoval,0
dustin pedroia,0
blake swihart,0
rusney castillo,0
jackie bradley jr,0
travis shaw,0
ryan hanigan,0
sandy leon,0
allen craig,0
mookie betts,0
xander bogaerts,0
dustin pedroia,0
jackie bradley jr,0
david ortiz,0
hanley ramirez,0
travis shaw,0
brock holt,0
sandy leon,0
chris young,0
christian vazquez,0
aaron hill,0
andrew benintendi,0
mookie betts,0
andrew benintendi,0
xander bogaerts,0
mitch moreland,0
hanley ramirez,0
jackie bradley jr,0
dustin pedroia,0
christian vazquez,0
sandy leon,0
chris young,0
rafael devers,0
deven marrero,0
eduardo nunez,0
andrew benintendi,0
jd martinez,0
mookie betts,0
xander bogaerts,0
jackie bradley jr,0
eduardo nunez,0
rafael devers,0
mitch moreland,0
brock holt,0
sandy leon,0
christian vazquez,0
blake swihart,0
steve pearce,0
mookie betts,0
rafael devers,0
xander bogaerts,0
jd martinez,0
andrew benintendi,0
jackie bradley jr,0
christian vazquez,0
mitch moreland,0
brock holt,0
sandy leon,0
sam travis,0
marco hernandez,0
gorkys hernandez,0
rafael devers,0
jd martinez,0
xander bogaerts,0
alex verdugo,0
jackie bradley jr,0
christian vazquez,0
michael chavis,0
bobby dalbec,0
kevin plawecki,0
jonathan arauz,0
tzu-wei lin,0
christian arroyo,0
andrew benintendi,0
rafael devers,0
jd martinez,0
alex verdugo,0
xander bogaerts,0
hunter renfroe,0
christian vazquez,0
bobby dalbec,0
christian arroyo,0
kevin plawecki,0
kyle schwarber,0
jose iglesias,0
jose iglesias,0
travis shaw,0
alex verdugo,0
xander bogaerts,0
rafael devers,0
jd martinez,0
bobby dalbec,0
christian arroyo,0
tommy pham,0
reese mcguire,0
triston casas,0
connor wong,0
yu chang,0
rafael devers,0
justin turner,0
alex verdugo,0
masataka yoshida,0
connor wong,0
adam duvall,0
rob refsnyder,0
reese mcguire,0
pablo reyes,0
trevor story,0
enmanuel valdez,0
ceddanne rafaela,0
wilyer abreu,0
jarren duran,0
ceddanne rafaela,0
connor wong,0
tyler oneill,0
wilyer abreu,0
masataka yoshida,0
triston casas,0
enmanuel valdez,0
romy gonzalez,0
vaughn grissom,0
trevor story,0
danny jansen,0
nick sogard,0
starlin castro,0
aramis ramirez,0
carlos pena,0
darwin barney,0
alfonso soriano,0
marlon byrd,0
geovany soto,0
reed johnson,0
blake dewitt,0
jeff baker,0
tony campana,0
koyie hill,0
bryan lahair,0
starlin castro,0
alfonso soriano,0
darwin barney,0
david dejesus,0
bryan lahair,0
anthony rizzo,0
luis valbuena,0
steve clevenger,0
ian stewart,0
geovany soto,0
tony campana,0
welington castillo,0
reed johnson,0
starlin castro,0
anthony rizzo,0
darwin barney,0
nate schierholtz,0
welington castillo,0
luis valbuena,0
dioner navarro,0
junior lake,0
donnie murphy,0
brian bogusevic,0
dave sappelt,0
darnell mcdonald,0
logan watkins,0
anthony rizzo,0
starlin castro,0
luis valbuena,0
chris coghlan,0
welington castillo,0
junior lake,0
arismendy alcantara,0
mike olt,0
justin ruggiano,0
javier baez,0
ryan sweeney,0
john baker,0
ryan kalish,0
anthony rizzo,0
dexter fowler,0
kris bryant,0
starlin castro,0
addison russell,0
chris coghlan,0
jorge soler,0
miguel montero,0
kyle schwarber,0
chris denorfia,0
david ross,0
jonathan herrera,0
javier baez,0
kris bryant,0
anthony rizzo,0
ben zobrist,0
addison russell,0
jason heyward,0
dexter fowler,0
javier baez,0
miguel montero,0
willson contreras,0
jorge soler,0
david ross,0
matt szczur,0
tommy la stella,0
anthony rizzo,0
kris bryant,0
javier baez,0
ben zobrist,0
kyle schwarber,0
jason heyward,0
jon jay,0
willson contreras,0
ian happ,0
addison russell,0
albert almora,0
tommy la stella,0
alex avila,0
anthony rizzo,0
javier baez,0
willson contreras,0
ben zobrist,0
kyle schwarber,0
jason heyward,0
albert almora,0
ian happ,0
kris bryant,0
david bote,0
victor caratini,0
tommy la stella,0
daniel murphy,0
kris bryant,0
anthony rizzo,0
kyle schwarber,0
jason heyward,0
javier baez,0
willson contreras,0
albert almora,0
david bote,0
victor caratini,0
addison russell,0
nick castellanos,0
daniel descalso,0
ben zobrist,0
anthony rizzo,0
javier baez,0
ian happ,0
willson contreras,0
kyle schwarber,0
jason heyward,0
kris bryant,0
david bote,0
jason kipnis,0
victor caratini,0
nico hoerner,0
cameron maybin,0
billy hamilton,0
ian happ,0
rafael ortega,0
matt duffy,0
sergio alcantara,0
frank schwindel,0
johneshwy fargas,0
greg deichmann,0
trent giambrone,0
erick castillo,0
tyler payne,0
tyler ladendorf,0
ian happ,0
patrick wisdom,0
nico hoerner,0
willson contreras,0
seiya suzuki,0
christopher morel,0
yan gomes,0
alfonso rivas iii,0
pj higgins,0
nelson velazquez,0
franmil reyes,0
zach mckinstry,0
david bote,0
ian happ,0
dansby swanson,0
seiya suzuki,0
cody bellinger,0
christopher morel,0
yan gomes,0
mike tauchman,0
patrick wisdom,0
jeimer candelario,0
miguel amaya,0
miles mastrobuoni,0
jared young,0
pete crow-armstrong,0
ian happ,0
nico hoerner,0
dansby swanson,0
seiya suzuki,0
cody bellinger,0
michael busch,0
pete crow-armstrong,0
miguel amaya,0
mike tauchman,0
isaac paredes,0
patrick wisdom,0
christian bethancourt,0
luis vazquez,0
joey votto,0
drew stubbs,0
brandon phillips,0
jay bruce,0
paul janish,0
edgar renteria,0
ramon hernandez,0
chris heisey,0
ryan hanigan,0
miguel cairo,0
scott rolen,0
jonny gomes,0
fred lewis,0
jay bruce,0
brandon phillips,0
zack cozart,0
drew stubbs,0
joey votto,0
ryan ludwick,0
todd frazier,0
chris heisey,0
ryan hanigan,0
scott rolen,0
wilson valdez,0
devin mesoraco,0
miguel cairo,0
joey votto,0
shin-soo choo,0
jay bruce,0
brandon phillips,0
zack cozart,0
todd frazier,0
devin mesoraco,0
ryan hanigan,0
chris heisey,0
xavier paul,0
derrick robinson,0
jack hannahan,0
cesar izturis,0
todd frazier,0
billy hamilton,0
jay bruce,0
zack cozart,0
brandon phillips,0
devin mesoraco,0
ryan ludwick,0
brayan pena,0
chris heisey,0
joey votto,0
skip schumaker,0
ramon santiago,0
tucker barnhart,0
joey votto,0
todd frazier,0
jay bruce,0
brandon phillips,0
eugenio suarez,0
brayan pena,0
tucker barnhart,0
skip schumaker,0
jason bourgeois,0
brennan boesch,0
adam duvall,0
ramon cabrera,0
ryan lamarre,0
joey votto,0
eugenio suarez,0
adam duvall,0
brandon phillips,0
tucker barnhart,0
scott schebler,0
jose peraza,0
ivan de jesus,0
tyler holt,0
ramon cabrera,0
steve selsky,0
hernan iribarren,0
rafael lopez,0
joey votto,0
adam duvall,0
billy hamilton,0
eugenio suarez,0
scott schebler,0
jose peraza,0
zack cozart,0
scooter gennett,0
tucker barnhart,0
patrick kivlehan,0
jesse winker,0
stuart turner,0
phil ervin,0
jose peraza,0
scooter gennett,0
joey votto,0
eugenio suarez,0
billy hamilton,0
tucker barnhart,0
scott schebler,0
phil ervin,0
curt casali,0
mason williams,0
brandon dixon,0
dilson herrera,0
blake trahan,0
eugenio suarez,0
joey votto,0
jose iglesias,0
nick senzel,0
jose peraza,0
tucker barnhart,0
derek dietrich,0
phil ervin,0
josh vanmeter,0
curt casali,0
aristides aquino,0
kyle farmer,0
freddy galvis,0
nick castellanos,0
eugenio suarez,0
joey votto,0
shogo akiyama,0
jesse winker,0
mike moustakas,0
freddy galvis,0
tucker barnhart,0
curt casali,0
nick senzel,0
kyle farmer,0
aristides aquino,0
brian goodwin,0
jonathan india,0
nick castellanos,0
eugenio suarez,0
joey votto,0
kyle farmer,0
tyler stephenson,0
tucker barnhart,0
aristides aquino,0
max schrock,0
delino deshields,0
jose barrero,0
tj friedl,0
asdrubal cabrera,0
kyle farmer,0
jonathan india,0
donovan solano,0
aristides aquino,0
matt reynolds,0
jake fraley,0
jose barrero,0
alejo lopez,0
spencer steer,0
austin romine,0
stuart fairchild,0
chuckie robinson,0
michael siani,0
spencer steer,0
tj friedl,0
jonathan india,0
tyler stephenson,0
elly de la cruz,0
jake fraley,0
nick senzel,0
will benson,0
stuart fairchild,0
joey votto,0
christian encarnacion-strand,0
luke maile,0
noelvi marte,0
elly de la cruz,1
spencer steer,0
jonathan india,0
tyler stephenson,0
santiago espinal,0
will benson,0
jake fraley,0
tj friedl,0
noelvi marte,0
ty france,0
luke maile,0
amed rosario,0
rece hinds,0
asdrubal cabrera,0
carlos santana,0
michael brantley,0
matt laporta,0
travis hafner,0
jack hannahan,0
shin-soo choo,0
orlando cabrera,0
grady sizemore,0
lou marson,0
kosuke fukudome,0
shelley duncan,0
ezequiel carrera,0
shin-soo choo,0
jason kipnis,0
asdrubal cabrera,0
michael brantley,0
carlos santana,0
casey kotchman,0
jack hannahan,0
shelley duncan,0
travis hafner,0
lou marson,0
johnny damon,0
ezequiel carrera,0
lonnie chisenhall,0
jason kipnis,0
carlos santana,0
nick swisher,0
michael brantley,0
michael bourn,0
asdrubal cabrera,0
drew stubbs,0
mike aviles,0
yan gomes,0
lonnie chisenhall,0
ryan raburn,0
jason giambi,0
jason kubel,0
michael brantley,0
carlos santana,0
jason kipnis,0
lonnie chisenhall,0
yan gomes,0
michael bourn,0
david murphy,0
nick swisher,0
mike aviles,0
jose ramirez,0
ryan raburn,0
roberto perez,0
zach walters,0
carlos santana,0
jason kipnis,0
michael brantley,0
francisco lindor,0
yan gomes,0
lonnie chisenhall,0
jose ramirez,0
mike aviles,0
gio urshela,0
roberto perez,0
ryan raburn,0
abraham almonte,0
jerry sands,0
jason kipnis,0
carlos santana,0
francisco lindor,0
mike napoli,0
jose ramirez,0
rajai davis,0
lonnie chisenhall,0
tyler naquin,0
yan gomes,0
abraham almonte,0
roberto perez,0
chris gimenez,0
michael martinez,0
francisco lindor,0
edwin encarnacion,0
carlos santana,0
jose ramirez,0
yan gomes,0
michael brantley,0
jason kipnis,0
bradley zimmer,0
austin jackson,0
lonnie chisenhall,0
roberto perez,0
abraham almonte,0
brandon guyer,0
francisco lindor,0
jose ramirez,0
michael brantley,0
jason kipnis,0
edwin encarnacion,0
yonder alonso,0
yan gomes,0
greg allen,0
melky cabrera,0
brandon guyer,0
rajai davis,0
roberto perez,0
erik gonzalez,0
carlos santana,0
francisco lindor,0
jose ramirez,0
jason kipnis,0
oscar mercado,0
roberto perez,0
jake bauers,0
jordan luplow,0
greg allen,0
mike freeman,0
yasiel puig,0
franmil reyes,0
kevin plawecki,0
francisco lindor,0
cesar hernandez,0
carlos santana,0
jose ramirez,0
franmil reyes,0
tyler naquin,0
delino deshields,0
roberto perez,0
oscar mercado,0
jordan luplow,0
sandy leon,0
josh naylor,0
mike freeman,0
jose ramirez,0
amed rosario,0
franmil reyes,0
harold ramirez,0
bradley zimmer,0
austin hedges,0
bobby bradley,0
myles straw,0
yu chang,0
oscar mercado,0
andres gimenez,0
roberto perez,0
jose ramirez,0
amed rosario,0
steven kwan,0
myles straw,0
andres gimenez,0
josh naylor,0
owen miller,0
oscar gonzalez,0
austin hedges,0
luke maile,0
will benson,0
gabriel arias,0
will brennan,0
steven kwan,0
jose ramirez,0
andres gimenez,0
myles straw,0
josh naylor,0
will brennan,0
bo naylor,0
oscar gonzalez,0
kole calhoun,0
tyler freeman,0
ramon laureano,0
cam gallagher,0
brayan rocchio,0
jose ramirez,0
andres gimenez,0
josh naylor,0
steven kwan,0
brayan rocchio,0
david fry,0
bo naylor,0
will brennan,0
daniel schneemann,0
jhonkensy noel,0
lane thomas,0
angel martinez,0
kyle manzardo,0
troy tulowitzki,0
dexter fowler,0
carlos gonzalez,0
seth smith,0
todd helton,0
ty wigginton,0
chris iannetta,0
jonathan herrera,0
eric young jr,0
ryan spilborghs,0
chris nelson,0
jason giambi,0
ian stewart,0
carlos gonzalez,0
dexter fowler,0
jordan pacheco,0
wilin rosario,0
michael cuddyer,0
chris nelson,0
josh rutledge,0
todd helton,0
jonathan herrera,0
dj lemahieu,0
troy tulowitzki,0
ramon hernandez,0
eric young jr,0
michael cuddyer,0
nolan arenado,0
troy tulowitzki,0
dexter fowler,0
wilin rosario,0
todd helton,0
carlos gonzalez,0
dj lemahieu,0
josh rutledge,0
jordan pacheco,0
charlie blackmon,0
jonathan herrera,0
corey dickerson,0
charlie blackmon,0
justin morneau,0
dj lemahieu,0
corey dickerson,0
nolan arenado,0
drew stubbs,0
wilin rosario,0
troy tulowitzki,0
josh rutledge,0
brandon barnes,0
carlos gonzalez,0
charlie culberson,0
michael cuddyer,0
charlie blackmon,0
nolan arenado,0
dj lemahieu,0
carlos gonzalez,0
nick hundley,0
ben paulsen,0
brandon barnes,0
wilin rosario,0
corey dickerson,0
daniel descalso,0
jose reyes,0
justin morneau,0
rafael ynoa,0
nolan arenado,0
charlie blackmon,0
dj lemahieu,0
carlos gonzalez,0
mark reynolds,0
gerardo parra,0
nick hundley,0
daniel descalso,0
cristhian adames,0
ryan raburn,0
david dahl,0
tony wolters,0
dustin garneau,0
charlie blackmon,0
dj lemahieu,0
nolan arenado,0
mark reynolds,0
trevor story,0
carlos gonzalez,0
gerardo parra,0
ian desmond,0
tony wolters,0
pat valaika,0
alexi amarista,0
jonathan lucroy,0
raimel tapia,0
charlie blackmon,0
nolan arenado,0
trevor story,0
ian desmond,0
dj lemahieu,0
carlos gonzalez,0
gerardo parra,0
chris iannetta,0
david dahl,0
tony wolters,0
ryan mcmahon,0
noel cuevas,0
pat valaika,0
nolan arenado,0
trevor story,0
charlie blackmon,0
ryan mcmahon,0
ian desmond,0
daniel murphy,0
raimel tapia,0
david dahl,0
tony wolters,0
garrett hampson,0
yonathan daza,0
sam hilliard,0
pat valaika,0
trevor story,0
charlie blackmon,0
raimel tapia,0
ryan mcmahon,0
garrett hampson,0
matt kemp,0
daniel murphy,0
sam hilliard,0
tony wolters,0
joshua fuentes,0
kevin pillar,0
elias diaz,0
drew butera,0
ryan mcmahon,0
trevor story,0
charlie blackmon,0
cj cron,0
raimel tapia,0
garrett hampson,0
brendan rodgers,0
elias diaz,0
yonathan daza,0
dom nunez,0
sam hilliard,0
colton welker,0
cj cron,0
ryan mcmahon,0
brendan rodgers,0
randal grichuk,0
jose iglesias,0
yonathan daza,0
elias diaz,0
garrett hampson,0
brian serven,0
elehuris montero,0
alan trejo,0
michael toglia,0
sean bouchard,0
ryan mcmahon,0
ezequiel tovar,0
elias diaz,0
brenton doyle,0
nolan jones,0
charlie blackmon,0
kris bryant,0
elehuris montero,0
harold castro,0
alan trejo,0
brendan rodgers,0
austin wynns,0
hunter goodman,0
ezequiel tovar,0
ryan mcmahon,0
brenton doyle,0
brendan rodgers,0
charlie blackmon,0
michael toglia,0
jake cave,0
nolan jones,0
jacob stallings,0
hunter goodman,0
jordan beck,0
sam hilliard,0
aaron schunk,0
juan pierre,0
alexei ramirez,0
paul konerko,0
alex rios,0
gordon beckham,0
aj pierzynski,0
adam dunn,0
carlos quentin,0
brent morel,0
brent lillibridge,0
omar vizquel,0
alejandro de aza,0
tyler flowers,0
adam dunn,0
alex rios,0
alexei ramirez,0
paul konerko,0
alejandro de aza,0
gordon beckham,0
dayan viciedo,0
aj pierzynski,0
kevin youkilis,0
tyler flowers,0
brent morel,0
eduardo escobar,0
kosuke fukudome,0
alejandro de aza,0
alexei ramirez,0
adam dunn,0
paul konerko,0
dayan viciedo,0
conor gillaspie,0
jeff keppinger,0
gordon beckham,0
tyler flowers,0
josh phegley,0
avisail garcia,0
hector gimenez,0
marcus semien,0
alexei ramirez,0
jose abreu,0
dayan viciedo,0
adam eaton,0
conor gillaspie,0
tyler flowers,0
marcus semien,0
paul konerko,0
avisail garcia,0
leury garcia,0
moises sierra,0
adrian nieto,0
yolmer sanchez,0
adam eaton,0
jose abreu,0
alexei ramirez,0
avisail garcia,0
adam laroche,0
yolmer sanchez,0
tyler flowers,0
tyler saladino,0
gordon beckham,0
geovany soto,0
jb shuck,0
trayce thompson,0
micah johnson,0
adam eaton,0
jose abreu,0
todd frazier,0
melky cabrera,0
avisail garcia,0
tim anderson,0
jb shuck,0
justin morneau,0
alex avila,0
yolmer sanchez,0
omar narvaez,0
jason coats,0
leury garcia,0
jose abreu,0
tim anderson,0
avisail garcia,0
yolmer sanchez,0
matt davidson,0
adam engel,0
omar narvaez,0
kevan smith,0
tyler saladino,0
yoan moncada,0
alen hanson,0
nicky delmonico,0
willy garcia,0
yolmer sanchez,0
yoan moncada,0
tim anderson,0
jose abreu,0
matt davidson,0
adam engel,0
daniel palka,0
avisail garcia,0
omar narvaez,0
nicky delmonico,0
leury garcia,0
kevan smith,0
welington castillo,0
jose abreu,0
leury garcia,0
yoan moncada,0
yolmer sanchez,0
tim anderson,0
eloy jimenez,0
james mccann,0
welington castillo,0
adam engel,0
ryan cordell,0
ryan goins,0
zack collins,0
daniel palka,0
jose abreu,0
yoan moncada,0
luis robert jr,0
eloy jimenez,0
tim anderson,0
yasmani grandal,0
edwin encarnacion,0
nomar mazara,0
james mccann,0
nick madrigal,0
adam engel,0
yolmer sanchez,0
jarrod dyson,0
jose abreu,0
yoan moncada,0
tim anderson,0
leury garcia,0
andrew vaughn,0
yasmani grandal,0
luis robert jr,0
zack collins,0
eloy jimenez,0
cesar hernandez,0
gavin sheets,0
adam engel,0
billy hamilton,0
jose abreu,0
andrew vaughn,0
aj pollock,0
yoan moncada,0
josh harrison,0
gavin sheets,0
yasmani grandal,0
eloy jimenez,0
leury garcia,0
adam engel,0
elvis andrus,0
romy gonzalez,0
mark payton,0
andrew vaughn,0
tim anderson,0
eloy jimenez,0
elvis andrus,0
yasmani grandal,0
yoan moncada,0
gavin sheets,0
lenyn sosa,0
zach remillard,0
trayce thompson,0
korey lee,0
carlos perez,0
carlos perez,0
andrew vaughn,0
andrew benintendi,0
gavin sheets,0
nicky lopez,0
luis robert jr,0
korey lee,0
lenyn sosa,0
dominic fletcher,0
miguel vargas,0
bryan ramos,0
chuckie robinson,0
zach deloach,0
jacob amaya,0
miguel cabrera,0
austin jackson,0
victor martinez,0
jhonny peralta,0
alex avila,0
brennan boesch,0
ryan raburn,0
magglio ordonez,0
brandon inge,0
ramon santiago,0
don kelly,0
andy dirks,0
delmon young,0
miguel cabrera,0
prince fielder,0
austin jackson,0
delmon young,0
jhonny peralta,0
brennan boesch,0
alex avila,0
andy dirks,0
quintin berry,0
ramon santiago,0
omar infante,0
ryan raburn,0
gerald laird,0
prince fielder,0
victor martinez,0
miguel cabrera,0
torii hunter,0
austin jackson,0
andy dirks,0
omar infante,0
jhonny peralta,0
alex avila,0
don kelly,0
brayan pena,0
ramon santiago,0
matt tuiasosopo,0
ian kinsler,0
miguel cabrera,0
victor martinez,0
torii hunter,0
nick castellanos,0
rajai davis,0
jd martinez,0
alex avila,0
eugenio suarez,0
andrew romine,0
don kelly,0
bryan holaday,0
ezequiel carrera,0
ian kinsler,0
jd martinez,0
nick castellanos,0
miguel cabrera,0
victor martinez,0
jose iglesias,0
james mccann,0
rajai davis,0
alex avila,0
tyler collins,0
andrew romine,0
jefry marte,0
dixon machado,0
ian kinsler,0
justin upton,0
victor martinez,0
jd martinez,0
jose iglesias,0
nick castellanos,0
cameron maybin,0
james mccann,0
jarrod saltalamacchia,0
andrew romine,0
tyler collins,0
steven moya,0
casey mcgehee,0
nick castellanos,0
ian kinsler,0
miguel cabrera,0
jose iglesias,0
james mccann,0
mikie mahtook,0
andrew romine,0
alex presley,0
john hicks,0
dixon machado,0
tyler collins,0
jacoby jones,0
jeimer candelario,0
nick castellanos,0
jeimer candelario,0
victor martinez,0
niko goodrum,0
jacoby jones,0
james mccann,0
mikie mahtook,0
victor reyes,0
ronny rodriguez,0
jim adduci,0
grayson greiner,0
dawel lugo,0
pete kozma,0
miguel cabrera,0
brandon dixon,0
christin stewart,0
harold castro,0
ronny rodriguez,0
victor reyes,0
dawel lugo,0
jordy mercer,0
gordon beckham,0
grayson greiner,0
travis demeritte,0
jake rogers,0
willi castro,0
miguel cabrera,0
victor reyes,0
jeimer candelario,0
niko goodrum,0
austin romine,0
isaac paredes,0
jorge bonifacio,0
daz cameron,0
harold castro,0
sergio alcantara,0
eric haase,0
brandon dixon,0
derek hill,0
jonathan schoop,0
robbie grossman,0
jeimer candelario,0
miguel cabrera,0
akil baddoo,0
willi castro,0
eric haase,0
harold castro,0
niko goodrum,0
zack short,0
daz cameron,0
isaac paredes,0
dustin garneau,0
javier baez,0
jonathan schoop,0
jeimer candelario,0
harold castro,0
miguel cabrera,0
riley greene,0
spencer torkelson,0
eric haase,0
victor reyes,0
tucker barnhart,0
akil baddoo,0
kody clemens,0
ryan kreidler,0
spencer torkelson,0
javier baez,0
matt vierling,0
zach mckinstry,0
kerry carpenter,0
andy ibanez,0
miguel cabrera,0
jake rogers,0
akil baddoo,0
zack short,0
parker meadows,0
tyler nevin,0
carson kelly,0
riley greene,0
matt vierling,0
colt keith,0
wenceel perez,0
spencer torkelson,0
jake rogers,0
zach mckinstry,0
parker meadows,0
kerry carpenter,0
andy ibanez,0
justyn-henry malloy,0
trey sweeney,0
jace jung,0
carlos lee,0
clint barmes,0
hunter pence,0
chris johnson,0
brett wallace,0
humberto quintero,0
jason bourgeois,0
jose altuve,0
jd martinez,0
matt downs,0
brian bogusevic,0
jimmy paredes,0
carlos corporan,0
jose altuve,0
jd martinez,0
brian bogusevic,0
jed lowrie,0
chris johnson,0
jordan schafer,0
jason castro,0
chris snyder,0
brett wallace,0
scott moore,0
marwin gonzalez,0
matt downs,0
fernando martinez,0
jose altuve,0
matt dominguez,0
chris carter,0
jason castro,0
brandon barnes,0
jd martinez,0
robbie grossman,0
brett wallace,0
jonathan villar,0
marwin gonzalez,0
carlos corporan,0
lj hoes,0
trevor crowe,0
jose altuve,3
matt dominguez,0
chris carter,0
jason castro,0
dexter fowler,0
robbie grossman,0
jon singleton,0
george springer,0
marwin gonzalez,0
jonathan villar,0
alex presley,0
marc krauss,0
carlos corporan,0
jose altuve,3
evan gattis,0
luis valbuena,0
colby rasmus,0
chris carter,0
george springer,0
carlos correa,0
jason castro,0
jake marisnick,0
marwin gonzalez,0
preston tucker,0
jed lowrie,0
hank conger,0
george springer,0
jose altuve,0
carlos correa,0
marwin gonzalez,0
evan gattis,0
colby rasmus,0
jason castro,0
jake marisnick,0
tyler white,0
alex bregman,0
aj reed,0
yuli gurriel,0
tony kemp,0
jose altuve,0
george springer,0
alex bregman,0
yuli gurriel,0
josh reddick,0
marwin gonzalez,0
carlos beltran,0
carlos correa,0
brian mccann,0
evan gattis,0
jake marisnick,0
derek fisher,0
jd davis,0
alex bregman,0
george springer,0
jose altuve,0
yuli gurriel,0
marwin gonzalez,0
josh reddick,0
carlos correa,0
evan gattis,0
tony kemp,0
max stassi,0
tyler white,0
jake marisnick,0
brian mccann,0
alex bregman,0
michael brantley,0
yuli gurriel,0
george springer,0
josh reddick,0
jose altuve,0
robinson chirinos,0
yordan alvarez,0
carlos correa,0
jake marisnick,0
aledmys diaz,0
martin maldonado,0
abraham toro,0
yuli gurriel,0
kyle tucker,0
george springer,0
carlos correa,0
jose altuve,0
josh reddick,0
michael brantley,0
alex bregman,0
martin maldonado,0
abraham toro,0
myles straw,0
aledmys diaz,0
jack mayfield,0
jose altuve,0
carlos correa,0
yuli gurriel,0
yordan alvarez,0
kyle tucker,0
michael brantley,0
martin maldonado,0
alex bregman,0
chas mccormick,0
aledmys diaz,0
jason castro,0
jake meyers,0
jose siri,0
alex bregman,0
kyle tucker,0
jose altuve,0
yuli gurriel,0
yordan alvarez,0
jeremy pena,0
chas mccormick,0
martin maldonado,0
aledmys diaz,0
mauricio dubon,0
trey mancini,0
jake meyers,0
christian vazquez,0
alex bregman,0
kyle tucker,0
jeremy pena,0
jose abreu,0
yordan alvarez,0
mauricio dubon,0
chas mccormick,0
jose altuve,0
martin maldonado,0
yainer diaz,0
jake meyers,0
jon singleton,0
michael brantley,0
jose altuve,0
jeremy pena,0
yordan alvarez,0
alex bregman,0
yainer diaz,0
jake meyers,0
mauricio dubon,0
jon singleton,0
kyle tucker,0
victor caratini,0
zach dezenzo,0
jason heyward,0
cesar salazar,0
melky cabrera,0
alex gordon,0
billy butler,0
jeff francoeur,0
alcides escobar,0
eric hosmer,0
chris getz,0
mike moustakas,0
brayan pena,0
matt treanor,0
wilson betemit,0
johnny giavotella,0
salvador perez,0
alex gordon,0
billy butler,0
alcides escobar,0
mike moustakas,0
jeff francoeur,0
eric hosmer,0
jarrod dyson,0
salvador perez,0
lorenzo cain,0
yuniesky betancourt,0
brayan pena,0
chris getz,0
johnny giavotella,0
alex gordon,0
eric hosmer,0
billy butler,0
alcides escobar,0
salvador perez,0
mike moustakas,0
lorenzo cain,0
david lough,0
jarrod dyson,0
chris getz,0
emilio bonifacio,0
miguel tejada,0
george kottaras,0
alex gordon,0
alcides escobar,0
salvador perez,0
billy butler,0
omar infante,0
nori aoki,0
eric hosmer,0
lorenzo cain,0
mike moustakas,0
jarrod dyson,0
raul ibanez,0
josh willingham,0
christian colon,0
eric hosmer,0
alcides escobar,0
kendrys morales,0
mike moustakas,0
lorenzo cain,0
salvador perez,0
omar infante,0
alex gordon,0
alex rios,0
ben zobrist,0
paulo orlando,0
jarrod dyson,0
christian colon,0
alcides escobar,0
eric hosmer,0
kendrys morales,0
salvador perez,0
cheslor cuthbert,0
alex gordon,0
paulo orlando,0
lorenzo cain,0
jarrod dyson,0
whit merrifield,0
christian colon,0
adalberto mondesi,0
drew butera,0
eric hosmer,0
lorenzo cain,0
whit merrifield,0
alcides escobar,0
mike moustakas,0
alex gordon,0
salvador perez,0
jorge bonifacio,0
brandon moss,0
melky cabrera,0
drew butera,0
cheslor cuthbert,0
jorge soler,0
whit merrifield,0
alex gordon,0
salvador perez,0
alcides escobar,0
hunter dozier,0
adalberto mondesi,0
rosell herrera,0
jorge bonifacio,0
ryan ohearn,0
brett phillips,0
brian goodwin,0
cam gallagher,0
meibrys viloria,0
whit merrifield,0
jorge soler,0
alex gordon,0
hunter dozier,0
adalberto mondesi,0
nicky lopez,0
ryan ohearn,0
cheslor cuthbert,0
bubba starling,0
meibrys viloria,0
cam gallagher,0
humberto arteaga,0
ryan mcbroom,0
whit merrifield,0
maikel franco,0
adalberto mondesi,0
nicky lopez,0
hunter dozier,0
alex gordon,0
jorge soler,0
salvador perez,0
ryan ohearn,0
edward olivares,0
cam gallagher,0
franchy cordero,0
nick heath,0
whit merrifield,0
salvador perez,0
carlos santana,0
nicky lopez,0
hunter dozier,0
andrew benintendi,0
michael a taylor,0
hanser alberto,0
ryan ohearn,0
adalberto mondesi,0
cam gallagher,0
kyle isbel,0
sebastian rivero,0
bobby witt jr,0
mj melendez,0
hunter dozier,0
nicky lopez,0
salvador perez,0
michael a taylor,0
vinnie pasquantino,0
kyle isbel,0
michael massey,0
edward olivares,0
ryan ohearn,0
nate eaton,0
drew waters,0
bobby witt jr,0
mj melendez,0
salvador perez,0
maikel garcia,0
michael massey,0
edward olivares,0
nick pratto,0
drew waters,0
kyle isbel,0
matt duffy,0
nelson velazquez,0
dairon blanco,0
nick loftin,0
bobby witt jr,0
salvador perez,0
maikel garcia,0
mj melendez,0
kyle isbel,0
hunter renfroe,0
freddy fermin,0
michael massey,0
adam frazier,0
garrett hampson,0
dairon blanco,0
paul dejong,0
tommy pham,0
torii hunter,0
erick aybar,0
bobby abreu,0
howie kendrick,0
mark trumbo,0
peter bourjos,0
alberto callaspo,0
vernon wells,0
maicer izturis,0
jeff mathis,0
hank conger,0
mike trout,0
bobby wilson,0
albert pujols,0
mike trout,0
howie kendrick,0
mark trumbo,0
torii hunter,0
erick aybar,0
kendrys morales,0
alberto callaspo,0
maicer izturis,0
vernon wells,0
chris iannetta,0
bobby wilson,0
peter bourjos,0
mike trout,0
mark trumbo,0
josh hamilton,0
erick aybar,0
howie kendrick,0
jb shuck,0
albert pujols,0
chris iannetta,0
hank conger,0
kole calhoun,0
peter bourjos,0
grant green,0
andrew romine,0
mike trout,0
albert pujols,0
howie kendrick,0
erick aybar,0
kole calhoun,0
david freese,0
josh hamilton,0
chris iannetta,0
collin cowgill,0
hank conger,0
cj cron,0
efren navarro,0
grant green,0
kole calhoun,0
mike trout,0
albert pujols,0
erick aybar,0
johnny giavotella,0
david freese,0
cj cron,0
chris iannetta,0
matt joyce,0
carlos perez,0
taylor featherston,0
david murphy,0
shane victorino,0
mike trout,0
kole calhoun,0
albert pujols,0
yunel escobar,0
andrelton simmons,0
cj cron,0
carlos perez,0
jefry marte,0
jett bandy,0
gregorio petit,0
rafael ortega,0
cliff pennington,0
jiman choi,0
kole calhoun,0
andrelton simmons,0
albert pujols,0
mike trout,0
martin maldonado,0
luis valbuena,0
cj cron,0
ben revere,0
danny espinosa,0
cliff pennington,0
eric young jr,0
kaleb cowart,0
justin upton,0
justin upton,0
mike trout,0
andrelton simmons,0
kole calhoun,0
shohei ohtani,0
david fletcher,0
jefry marte,0
taylor ward,0
jose briceno,0
kaleb cowart,0
jose miguel fernandez,0
eric young jr,0
francisco arcia,0
david fletcher,0
kole calhoun,0
mike trout,0
albert pujols,0
brian goodwin,0
shohei ohtani,0
andrelton simmons,0
tommy la stella,0
justin upton,0
kevan smith,0
justin bour,0
matt thaiss,0
anthony bemboom,0
mike trout,0
anthony rendon,0
david fletcher,0
shohei ohtani,0
justin upton,0
albert pujols,0
jo adell,0
jared walsh,0
max stassi,0
taylor ward,0
anthony bemboom,0
jahmai jones,0
elliot soto,0
david fletcher,0
shohei ohtani,0
jared walsh,0
jose iglesias,0
jose iglesias,0
phil gosselin,0
juan lagares,0
max stassi,0
brandon marsh,0
jack mayfield,0
kurt suzuki,0
luis rengifo,0
jose rojas,0
kean wong,0
shohei ohtani,0
taylor ward,0
luis rengifo,0
mike trout,0
max stassi,0
jo adell,0
matt duffy,0
david fletcher,0
anthony rendon,0
kurt suzuki,0
matt thaiss,0
michael stefanic,0
livan soto,0
brandon drury,0
zach neto,0
mickey moniak,0
matt thaiss,0
mike moustakas,0
randal grichuk,0
logan ohoppe,0
eduardo escobar,0
chad wallach,0
nolan schanuel,0
david fletcher,0
brett phillips,0
michael stefanic,0
taylor ward,0
nolan schanuel,0
zach neto,0
logan ohoppe,0
mickey moniak,0
brandon drury,0
kevin pillar,0
matt thaiss,0
michael stefanic,0
niko kavadas,0
eric wagaman,0
jack lopez,0
gustavo campero,0
matt kemp,0
james loney,0
andre ethier,0
jamey carroll,0
aaron miles,0
tony gwynn,0
rod barajas,0
juan uribe,0
juan rivera,0
casey blake,0
dee strange-gordon,0
jerry sands,0
dioner navarro,0
andre ethier,0
aj ellis,0
mark ellis,0
matt kemp,0
james loney,0
juan rivera,0
dee strange-gordon,0
luis cruz,0
tony gwynn,0
hanley ramirez,0
jerry hairston,0
shane victorino,0
bobby abreu,0
adrian gonzalez,0
andre ethier,0
mark ellis,0
carl crawford,0
aj ellis,0
yasiel puig,0
juan uribe,0
skip schumaker,0
hanley ramirez,0
nick punto,0
matt kemp,0
jerry hairston,0
tim federowicz,0
adrian gonzalez,0
dee strange-gordon,0
yasiel puig,0
matt kemp,0
hanley ramirez,0
juan uribe,0
andre ethier,0
carl crawford,0
aj ellis,0
justin turner,0
scott van slyke,0
drew butera,0
miguel rojas,0
adrian gonzalez,0
joc pederson,0
jimmy rollins,0
howie kendrick,0
andre ethier,0
justin turner,0
yasmani grandal,0
yasiel puig,0
scott van slyke,0
alex guerrero,0
aj ellis,0
carl crawford,0
chase utley,0
corey seager,0
adrian gonzalez,0
justin turner,0
chase utley,0
howie kendrick,0
joc pederson,0
yasmani grandal,0
yasiel puig,0
josh reddick,0
andrew toles,0
rob segedin,0
charlie culberson,0
chris taylor,0
corey seager,0
yasiel puig,0
chris taylor,0
cody bellinger,0
justin turner,0
yasmani grandal,0
logan forsythe,0
chase utley,0
joc pederson,0
austin barnes,0
adrian gonzalez,0
curtis granderson,0
trayce thompson,0
cody bellinger,0
chris taylor,0
yasmani grandal,0
matt kemp,0
max muncy,0
yasiel puig,0
joc pederson,0
justin turner,0
manny machado,0
austin barnes,0
chase utley,0
brian dozier,0
alex verdugo,0
cody bellinger,0
max muncy,0
justin turner,0
corey seager,0
joc pederson,0
chris taylor,0
aj pollock,0
matt beaty,0
russell martin,0
austin barnes,0
will smith,0
david freese,0
gavin lux,0
max muncy,0
mookie betts,0
cody bellinger,0
corey seager,0
chris taylor,0
aj pollock,0
justin turner,0
joc pederson,0
will smith,0
austin barnes,0
edwin rios,0
gavin lux,0
justin turner,0
max muncy,0
chris taylor,0
mookie betts,0
will smith,0
aj pollock,0
corey seager,0
gavin lux,0
cody bellinger,0
matt beaty,0
trea turner,0
austin barnes,0
albert pujols,0
freddie freeman,0
trea turner,0
mookie betts,0
will smith,0
max muncy,0
cody bellinger,0
justin turner,0
gavin lux,0
chris taylor,0
trayce thompson,0
austin barnes,0
hanser alberto,0
joey gallo,0
freddie freeman,0
mookie betts,0
max muncy,0
james outman,0
will smith,0
jd martinez,0
miguel rojas,0
david peralta,0
chris taylor,0
jason heyward,0
austin barnes,0
amed rosario,0
kolten wong,0
shohei ohtani,0
teoscar hernandez,0
freddie freeman,0
will smith,0
mookie betts,0
gavin lux,0
andy pages,0
miguel rojas,0
max muncy,0
chris taylor,0
austin barnes,0
james outman,0
tommy edman,0
gaby sanchez,0
emilio bonifacio,0
omar infante,0
giancarlo stanton,0
john buck,0
logan morrison,0
greg dobbs,0
hanley ramirez,0
chris coghlan,0
bryan petersen,0
mike cameron,0
brett hayes,0
wes helms,0
jose reyes,0
giancarlo stanton,0
john buck,0
greg dobbs,0
carlos lee,0
logan morrison,0
donovan solano,0
emilio bonifacio,0
bryan petersen,0
austin kearns,0
gorkys hernandez,0
donnie murphy,0
brett hayes,0
adeiny hechavarria,0
giancarlo stanton,0
justin ruggiano,0
placido polanco,0
donovan solano,0
logan morrison,0
juan pierre,0
christian yelich,0
greg dobbs,0
jeff mathis,0
rob brantly,0
chris coghlan,0
jake marisnick,0
casey mcgehee,0
christian yelich,0
giancarlo stanton,0
marcell ozuna,0
adeiny hechavarria,0
garrett jones,0
jarrod saltalamacchia,0
donovan solano,0
jeff baker,0
reed johnson,0
jeff mathis,0
derek dietrich,0
jordany valdespin,0
dee strange-gordon,0
martin prado,0
christian yelich,0
adeiny hechavarria,0
marcell ozuna,0
jt realmuto,0
justin bour,0
ichiro suzuki,0
derek dietrich,0
cole gillespie,0
miguel rojas,0
casey mcgehee,0
jeff mathis,0
christian yelich,0
martin prado,0
marcell ozuna,0
adeiny hechavarria,0
jt realmuto,0
giancarlo stanton,0
derek dietrich,0
ichiro suzuki,0
justin bour,0
chris johnson,0
miguel rojas,0
jeff mathis,0
xavier scruggs,0
dee strange-gordon,0
christian yelich,0
giancarlo stanton,0
marcell ozuna,0
jt realmuto,0
derek dietrich,0
justin bour,0
miguel rojas,0
ichiro suzuki,0
tyler moore,0
aj ellis,0
tomas telis,0
mike aviles,0
brian anderson,0
starlin castro,0
derek dietrich,0
jt realmuto,0
miguel rojas,0
lewis brinson,0
jt riddle,0
bryan holaday,0
yadiel rivera,0
magneuris sierra,0
austin dean,0
isaac galloway,0
peter obrien,0
starlin castro,0
miguel rojas,0
jorge alfaro,0
harold ramirez,0
garrett cooper,0
neil walker,0
curtis granderson,0
jon berti,0
martin prado,0
lewis brinson,0
isan diaz,0
austin dean,0
bryan holaday,0
brian anderson,0
jesus aguilar,0
corey dickerson,0
jon berti,0
matt joyce,0
miguel rojas,0
garrett cooper,0
starling marte,0
lewis brinson,0
jorge alfaro,0
jazz chisholm jr,0
magneuris sierra,0
monte harrison,0
miguel rojas,0
jazz chisholm jr,0
lewis brinson,0
magneuris sierra,0
sandy leon,0
bryan de la cruz,0
lewin diaz,0
alex jackson,0
eddy alvarez,0
nick fortes,0
deven marrero,0
payton henry,0
brian miller,0
miguel rojas,0
jon berti,0
jacob stallings,0
brian anderson,0
avisail garcia,0
joey wendle,0
bryan de la cruz,0
jesus sanchez,0
nick fortes,0
jj bleday,0
lewin diaz,0
charles leblanc,0
peyton burdick,0
bryan de la cruz,0
luis arraez,0
jorge soler,0
jon berti,0
jesus sanchez,0
jazz chisholm jr,0
yuli gurriel,0
nick fortes,0
joey wendle,0
jacob stallings,0
garrett hampson,0
josh bell,0
jake burger,0
jake burger,0
jesus sanchez,0
otto lopez,0
nick fortes,0
xavier edwards,0
vidal brujan,0
jonah bride,0
kyle stowers,0
connor norby,0
derek hill,0
dane myers,0
griffin conine,0
jhonny pereda,0
prince fielder,0
ryan braun,0
casey mcgehee,0
yuniesky betancourt,0
corey hart,0
rickie weeks,0
jonathan lucroy,0
nyjer morgan,0
carlos gomez,0
mark kotsay,0
craig counsell,0
george kottaras,0
wil nieves,0
ryan braun,0
rickie weeks,0
aramis ramirez,0
corey hart,0
nori aoki,0
carlos gomez,0
jonathan lucroy,0
nyjer morgan,0
martin maldonado,0
travis ishikawa,0
cesar izturis,0
jean segura,0
taylor green,0
nori aoki,0
jean segura,0
carlos gomez,0
jonathan lucroy,0
yuniesky betancourt,0
rickie weeks,0
aramis ramirez,0
logan schafer,0
juan francisco,0
jeff bianchi,0
scooter gennett,0
martin maldonado,0
caleb gindl,0
jonathan lucroy,0
carlos gomez,0
ryan braun,0
jean segura,0
khris davis,0
aramis ramirez,0
scooter gennett,0
mark reynolds,0
lyle overbay,0
rickie weeks,0
elian herrera,0
logan schafer,0
gerardo parra,0
jean segura,0
adam lind,0
ryan braun,0
khris davis,0
jonathan lucroy,0
scooter gennett,0
elian herrera,0
martin maldonado,0
hernan perez,0
shane peterson,0
jason rogers,0
domingo santana,0
logan schafer,0
jonathan villar,1
chris carter,0
ryan braun,0
scooter gennett,0
hernan perez,0
kirk nieuwenhuis,0
domingo santana,0
martin maldonado,0
keon broxton,0
orlando arcia,0
jake elmore,0
manny pina,0
yadiel rivera,0
domingo santana,0
travis shaw,0
eric thames,0
orlando arcia,0
keon broxton,0
hernan perez,0
jonathan villar,0
ryan braun,0
manny pina,0
jesus aguilar,0
eric sogard,0
jett bandy,0
neil walker,0
christian yelich,0
lorenzo cain,0
travis shaw,0
jesus aguilar,0
ryan braun,0
orlando arcia,0
manny pina,0
hernan perez,0
eric thames,0
domingo santana,0
erik kratz,0
mike moustakas,0
jonathan schoop,0
yasmani grandal,0
lorenzo cain,0
mike moustakas,0
christian yelich,0
orlando arcia,0
ryan braun,0
eric thames,0
ben gamel,0
keston hiura,0
travis shaw,0
hernan perez,0
trent grisham,0
manny pina,0
christian yelich,0
keston hiura,0
avisail garcia,0
orlando arcia,0
ryan braun,0
jedd gyorko,0
eric sogard,0
omar narvaez,0
luis urias,0
daniel vogelbach,0
jace peterson,0
jacob nottingham,0
tyrone taylor,0
luis urias,0
avisail garcia,0
kolten wong,0
christian yelich,0
omar narvaez,0
jackie bradley jr,0
willy adames,0
jace peterson,0
lorenzo cain,0
tyrone taylor,0
daniel vogelbach,0
manny pina,0
eduardo escobar,0
christian yelich,0
willy adames,0
rowdy tellez,0
andrew mccutchen,0
hunter renfroe,0
kolten wong,0
luis urias,0
tyrone taylor,0
jace peterson,0
victor caratini,0
omar narvaez,0
keston hiura,0
mike brosseau,0
willy adames,0
christian yelich,0
william contreras,0
brice turang,0
rowdy tellez,0
andruw monasterio,0
tyrone taylor,0
carlos santana,0
victor caratini,0
sal frelick,0
mark canha,0
blake perkins,0
garrett mitchell,0
willy adames,0
william contreras,0
brice turang,0
jackson chourio,0
sal frelick,0
rhys hoskins,0
joey ortiz,0
blake perkins,0
jake bauers,0
gary sanchez,0
garrett mitchell,0
andruw monasterio,0
eric haase,0
danny valencia,0
michael cuddyer,0
ben revere,0
jason kubel,0
alexi casilla,0
joe mauer,0
trevor plouffe,0
denard span,0
justin morneau,0
drew butera,0
tsuyoshi nishioka,0
jason repko,0
chris parmelee,0
joe mauer,0
josh willingham,0
justin morneau,0
denard span,0
ben revere,0
jamey carroll,0
ryan doumit,0
trevor plouffe,0
brian dozier,0
alexi casilla,0
chris parmelee,0
darin mastroianni,0
pedro florimon,0
brian dozier,0
ryan doumit,0
trevor plouffe,0
joe mauer,0
josh willingham,0
pedro florimon,0
oswaldo arcia,0
chris parmelee,0
clete thomas,0
aaron hicks,0
chris colabello,0
eduardo escobar,0
chris herrmann,0
brian dozier,0
trevor plouffe,0
joe mauer,0
kurt suzuki,0
eduardo escobar,0
danny santana,0
oswaldo arcia,0
chris parmelee,0
kennys vargas,0
aaron hicks,0
chris colabello,0
eduardo nunez,0
josmil pinto,0
brian dozier,0
joe mauer,0
trevor plouffe,0
torii hunter,0
kurt suzuki,0
eddie rosario,0
eduardo escobar,0
aaron hicks,0
miguel sano,0
danny santana,0
eduardo nunez,0
shane robinson,0
kennys vargas,0
brian dozier,0
joe mauer,0
miguel sano,0
max kepler,0
robbie grossman,0
eduardo escobar,0
kurt suzuki,0
byron buxton,0
jorge polanco,0
juan centeno,0
kennys vargas,0
john ryan murphy,0
logan schafer,0
brian dozier,0
joe mauer,0
eddie rosario,0
max kepler,0
jorge polanco,0
byron buxton,0
eduardo escobar,0
miguel sano,0
robbie grossman,0
jason castro,0
kennys vargas,0
chris gimenez,0
ehire adrianza,0
max kepler,0
eddie rosario,0
joe mauer,0
robbie grossman,0
ehire adrianza,0
mitch garver,0
jorge polanco,0
jake cave,0
miguel sano,0
logan forsythe,0
tyler austin,0
willians astudillo,0
johnny field,0
jorge polanco,0
max kepler,0
eddie rosario,0
nelson cruz,0
cj cron,0
jonathan schoop,0
marwin gonzalez,0
miguel sano,0
luis arraez,0
mitch garver,0
jason castro,0
ehire adrianza,0
jake cave,0
eddie rosario,0
jorge polanco,0
nelson cruz,0
miguel sano,0
marwin gonzalez,0
max kepler,0
byron buxton,0
jake cave,0
luis arraez,0
josh donaldson,0
ehire adrianza,0
mitch garver,0
alex avila,0
jorge polanco,0
josh donaldson,0
miguel sano,0
max kepler,0
luis arraez,0
andrelton simmons,0
ryan jeffers,0
byron buxton,0
mitch garver,0
willians astudillo,0
nick gordon,0
brent rooker,0
jake cave,0
luis arraez,0
carlos correa,0
gio urshela,0
jose miranda,0
gary sanchez,0
max kepler,0
nick gordon,0
gilberto celestino,0
ryan jeffers,0
matt wallner,0
mark contreras,0
billy hamilton,0
max kepler,0
donovan solano,0
willi castro,0
edouard julien,0
michael a taylor,0
kyle farmer,0
christian vazquez,0
jorge polanco,0
ryan jeffers,0
alex kirilloff,0
matt wallner,0
trevor larnach,0
jordan luplow,0
willi castro,0
carlos santana,0
ryan jeffers,0
byron buxton,0
carlos correa,0
manuel margot,0
royce lewis,0
christian vazquez,0
edouard julien,0
austin martin,0
kyle farmer,0
brooks lee,0
dashawn keirsey jr,0
jose reyes,0
angel pagan,0
jason bay,0
justin turner,0
david wright,0
daniel murphy,0
josh thole,0
ruben tejada,0
lucas duda,0
willie harris,0
ronny paulino,0
ike davis,0
scott hairston,0
david wright,0
daniel murphy,0
ike davis,0
ruben tejada,0
lucas duda,0
andres torres,0
scott hairston,0
josh thole,0
kirk nieuwenhuis,0
jason bay,0
mike baxter,0
jordany valdespin,0
ronny cedeno,0
daniel murphy,0
david wright,0
juan lagares,0
eric young jr,0
lucas duda,0
ike davis,0
omar quintanilla,0
ruben tejada,0
josh satin,0
justin turner,0
mike baxter,0
anthony recker,0
travis darnaud,0
curtis granderson,0
daniel murphy,0
lucas duda,0
david wright,0
juan lagares,0
travis darnaud,0
ruben tejada,0
eric young jr,0
wilmer flores,0
eric campbell,0
anthony recker,0
matt den dekker,0
kirk nieuwenhuis,0
curtis granderson,0
lucas duda,0
daniel murphy,0
wilmer flores,0
juan lagares,0
michael cuddyer,0
ruben tejada,0
travis darnaud,0
kevin plawecki,0
yoenis cespedes,0
eric campbell,0
michael conforto,0
david wright,0
curtis granderson,0
asdrubal cabrera,0
yoenis cespedes,0
james loney,0
michael conforto,0
wilmer flores,0
jose reyes,0
travis darnaud,0
alejandro de aza,0
rene rivera,0
kelly johnson,0
jay bruce,0
lucas duda,0
jose reyes,0
asdrubal cabrera,0
travis darnaud,0
wilmer flores,0
juan lagares,0
brandon nimmo,0
dominic smith,0
amed rosario,0
matt reynolds,0
kevin plawecki,0
nori aoki,0
gavin cecchini,0
travis taijeron,0
michael conforto,0
amed rosario,0
brandon nimmo,0
todd frazier,0
wilmer flores,0
jay bruce,0
kevin plawecki,0
jose reyes,0
jeff mcneil,0
devin mesoraco,0
austin jackson,0
tomas nido,0
jose lobaton,0
pete alonso,0
amed rosario,0
michael conforto,0
wilson ramos,0
todd frazier,0
jd davis,0
robinson cano,0
juan lagares,0
brandon nimmo,0
dominic smith,0
tomas nido,0
joe panik,0
luis guillorme,0
pete alonso,0
jd davis,0
brandon nimmo,0
jeff mcneil,0
dominic smith,0
robinson cano,0
wilson ramos,0
amed rosario,0
luis guillorme,0
todd frazier,0
robinson chirinos,0
guillermo heredia,0
ryan cordell,0
pete alonso,0
francisco lindor,0
jonathan villar,0
dominic smith,0
michael conforto,0
jeff mcneil,0
james mccann,0
brandon nimmo,0
kevin pillar,0
javier baez,0
luis guillorme,0
jose peraza,0
patrick mazeika,0
francisco lindor,0
pete alonso,0
brandon nimmo,0
jeff mcneil,0
mark canha,0
eduardo escobar,0
starling marte,0
luis guillorme,0
tomas nido,0
james mccann,0
daniel vogelbach,0
tyler naquin,0
darin ruf,0
francisco lindor,0
pete alonso,0
francisco alvarez,0
brett baty,0
daniel vogelbach,0
mark vientos,0
dj stewart,0
omar narvaez,0
rafael ortega,0
luis guillorme,0
ronny mauricio,0
danny mendick,0
tim locastro,0
pete alonso,0
francisco lindor,0
brandon nimmo,0
jd martinez,0
mark vientos,0
harrison bader,0
starling marte,0
tyrone taylor,0
francisco alvarez,0
jose iglesias,0
luis torrens,0
jesse winker,0
luisangel acuna,0
curtis granderson,0
mark teixeira,0
robinson cano,0
nick swisher,0
derek jeter,0
brett gardner,0
russell martin,0
alex rodriguez,0
jorge posada,0
eduardo nunez,0
andruw jones,0
eric chavez,0
francisco cervelli,0
derek jeter,0
robinson cano,0
curtis granderson,0
nick swisher,0
alex rodriguez,0
mark teixeira,0
russell martin,0
raul ibanez,0
eric chavez,0
andruw jones,0
ichiro suzuki,0
jayson nix,0
chris stewart,0
robinson cano,0
brett gardner,0
ichiro suzuki,0
lyle overbay,0
vernon wells,0
chris stewart,0
eduardo nunez,0
jayson nix,0
travis hafner,0
curtis granderson,0
alfonso soriano,0
alex rodriguez,0
david adams,0
brett gardner,0
jacoby ellsbury,0
derek jeter,0
brian mccann,0
mark teixeira,0
carlos beltran,0
ichiro suzuki,0
chase headley,0
francisco cervelli,0
stephen drew,0
martin prado,0
brendan ryan,0
john ryan murphy,0
brett gardner,0
chase headley,0
alex rodriguez,0
didi gregorius,0
brian mccann,0
carlos beltran,0
jacoby ellsbury,0
stephen drew,0
chris young,0
greg bird,0
john ryan murphy,0
brendan ryan,0
jose pirela,0
brett gardner,0
jacoby ellsbury,0
starlin castro,0
didi gregorius,0
chase headley,0
brian mccann,0
mark teixeira,0
aaron hicks,0
gary sanchez,0
austin romine,0
rob refsnyder,0
ronald torreyes,0
tyler austin,0
brett gardner,0
aaron judge,0
chase headley,0
didi gregorius,0
gary sanchez,0
starlin castro,0
matt holliday,0
jacoby ellsbury,0
aaron hicks,0
ronald torreyes,0
austin romine,0
todd frazier,0
greg bird,0
giancarlo stanton,0
brett gardner,0
miguel andujar,0
aaron hicks,0
didi gregorius,0
aaron judge,0
gleyber torres,0
neil walker,0
gary sanchez,0
greg bird,0
austin romine,0
luke voit,0
andrew mccutchen,0
dj lemahieu,0
gleyber torres,0
brett gardner,0
luke voit,0
gio urshela,0
aaron judge,0
gary sanchez,0
didi gregorius,0
cameron maybin,0
clint frazier,0
austin romine,0
edwin encarnacion,0
mike ford,0
luke voit,0
dj lemahieu,0
aaron hicks,0
gary sanchez,0
gio urshela,0
clint frazier,0
gleyber torres,0
brett gardner,0
aaron judge,0
mike tauchman,0
tyler wade,0
giancarlo stanton,0
kyle higashioka,0
aaron judge,0
giancarlo stanton,0
gleyber torres,0
brett gardner,0
gio urshela,0
gary sanchez,0
rougned odor,0
joey gallo,0
kyle higashioka,0
anthony rizzo,0
tyler wade,0
andrew velazquez,0
greg allen,0
aaron judge,2
gleyber torres,0
anthony rizzo,0
josh donaldson,0
dj lemahieu,0
isiah kiner-falefa,0
aaron hicks,0
giancarlo stanton,0
jose trevino,0
kyle higashioka,0
marwin gonzalez,0
oswaldo cabrera,0
matt carpenter,0
gleyber torres,0
anthony volpe,0
dj lemahieu,0
aaron judge,0
giancarlo stanton,0
isiah kiner-falefa,0
oswaldo cabrera,0
jake bauers,0
kyle higashioka,0
oswald peraza,0
everson pereira,0
ben rortvedt,0
austin wells,0
juan soto,0
aaron judge,2
anthony volpe,0
gleyber torres,0
alex verdugo,0
giancarlo stanton,0
austin wells,0
anthony rizzo,0
oswaldo cabrera,0
jose trevino,0
trent grisham,0
jazz chisholm jr,0
ben rice,0
hideki matsui,0
coco crisp,0
cliff pennington,0
josh willingham,0
kurt suzuki,0
david dejesus,0
jemile weeks,0
ryan sweeney,0
daric barton,0
mark ellis,0
brandon allen,0
kevin kouzmanoff,0
landon powell,0
josh reddick,0
yoenis cespedes,0
jemile weeks,0
coco crisp,0
cliff pennington,0
seth smith,0
jonny gomes,0
brandon inge,0
brandon moss,0
josh donaldson,0
chris carter,0
derek norris,0
stephen drew,0
josh donaldson,0
jed lowrie,0
coco crisp,0
yoenis cespedes,0
brandon moss,0
josh reddick,0
seth smith,0
eric sogard,0
chris young,0
derek norris,0
john jaso,0
nate freiman,0
alberto callaspo,0
josh donaldson,0
brandon moss,0
jed lowrie,0
coco crisp,0
alberto callaspo,0
derek norris,0
josh reddick,0
john jaso,0
eric sogard,0
stephen vogt,0
craig gentry,0
nick punto,0
sam fuld,0
brett lawrie,0
billy butler,0
marcus semien,0
josh reddick,0
billy burns,0
stephen vogt,0
mark canha,0
eric sogard,0
sam fuld,0
josh phegley,0
danny valencia,0
coco crisp,0
jake smolinski,0
marcus semien,0
khris davis,0
yonder alonso,0
stephen vogt,0
danny valencia,0
jake smolinski,0
ryon healy,0
max muncy,0
brett eibner,0
joey wendle,0
bruce maxwell,0
chad pinder,0
matt mcbride,0
khris davis,0
jed lowrie,0
ryon healy,0
matt joyce,0
marcus semien,0
matt chapman,0
chad pinder,0
bruce maxwell,0
matt olson,0
mark canha,0
josh phegley,0
boog powell,0
franklin barreto,0
marcus semien,0
jed lowrie,0
matt olson,0
khris davis,0
matt chapman,0
stephen piscotty,0
jonathan lucroy,0
mark canha,0
chad pinder,0
matt joyce,0
dustin fowler,0
nick martini,0
ramon laureano,0
marcus semien,0
matt chapman,0
matt olson,0
khris davis,0
jurickson profar,0
mark canha,0
robbie grossman,0
ramon laureano,0
stephen piscotty,0
chad pinder,0
josh phegley,0
seth brown,0
sheldon neuse,0
matt olson,0
mark canha,0
marcus semien,0
ramon laureano,0
robbie grossman,0
stephen piscotty,0
sean murphy,0
tony kemp,0
tommy la stella,0
khris davis,0
vimael machin,0
chad pinder,0
jake lamb,0
matt olson,0
mark canha,0
matt chapman,0
sean murphy,0
tony kemp,0
seth brown,0
starling marte,0
chad pinder,0
josh harrison,0
yan gomes,0
skye bolt,0
khris davis,0
pete kozma,0
sean murphy,0
tony kemp,0
seth brown,0
chad pinder,0
nick allen,0
cristian pache,0
stephen vogt,0
jonah bride,0
shea langeliers,0
dermis garcia,0
billy mckinney,0
jordan diaz,0
conner capel,0
brent rooker,0
esteury ruiz,0
ryan noda,0
shea langeliers,0
tony kemp,0
seth brown,0
aledmys diaz,0
nick allen,0
jj bleday,0
zack gelof,0
jordan diaz,0
carlos perez,0
carlos perez,0
tyler soderstrom,0
jj bleday,0
brent rooker,0
zack gelof,0
shea langeliers,0
max schuemann,0
lawrence butler,0
seth brown,0
tyler nevin,0
tyler soderstrom,0
daz cameron,0
kyle mccann,0
darell hernaiz,0
nick allen,0
ryan howard,0
jimmy rollins,0
shane victorino,0
raul ibanez,0
placido polanco,0
carlos ruiz,0
chase utley,0
wilson valdez,0
john mayberry,0
ben francisco,0
michael martinez,0
domonic brown,0
brian schneider,0
jimmy rollins,0
john mayberry,0
hunter pence,0
juan pierre,0
carlos ruiz,0
chase utley,0
ty wigginton,0
placido polanco,0
ryan howard,0
domonic brown,0
kevin frandsen,0
freddy galvis,0
erik kratz,0
jimmy rollins,0
domonic brown,0
chase utley,0
john mayberry,0
carlos ruiz,0
ben revere,0
ryan howard,0
darin ruf,0
kevin frandsen,0
freddy galvis,0
erik kratz,0
cody asche,0
laynce nix,0
chase utley,0
ryan howard,0
marlon byrd,0
ben revere,0
jimmy rollins,0
domonic brown,0
carlos ruiz,0
cody asche,0
grady sizemore,0
freddy galvis,0
wil nieves,0
tony gwynn,0
darin ruf,0
freddy galvis,0
odubel herrera,0
ryan howard,0
cody asche,0
jeff francoeur,0
maikel franco,0
carlos ruiz,0
cameron rupp,0
darin ruf,0
andres blanco,0
domonic brown,0
aaron altherr,0
darnell sweeney,0
odubel herrera,0
maikel franco,0
freddy galvis,0
cesar hernandez,0
cameron rupp,0
peter bourjos,0
ryan howard,0
tommy joseph,0
tyler goeddel,0
aaron altherr,0
cody asche,0
andres blanco,0
jimmy paredes,0
freddy galvis,0
maikel franco,0
cesar hernandez,0
odubel herrera,0
tommy joseph,0
aaron altherr,0
nick williams,0
cameron rupp,0
rhys hoskins,0
andrew knapp,0
andres blanco,0
jorge alfaro,0
ty kelly,0
cesar hernandez,0
carlos santana,0
rhys hoskins,0
odubel herrera,0
scott kingery,0
maikel franco,0
nick williams,0
jorge alfaro,0
aaron altherr,0
andrew knapp,0
asdrubal cabrera,0
roman quinn,0
jp crawford,0
rhys hoskins,0
bryce harper,0
cesar hernandez,0
jean segura,0
jt realmuto,0
scott kingery,0
maikel franco,0
adam haseley,0
andrew knapp,0
jay bruce,0
sean rodriguez,0
brad miller,0
nick williams,0
bryce harper,0
andrew mccutchen,0
didi gregorius,0
jean segura,0
jt realmuto,0
alec bohm,0
scott kingery,0
roman quinn,0
jay bruce,0
phil gosselin,0
adam haseley,0
andrew knapp,0
rafael marchan,0
bryce harper,0
andrew mccutchen,0
jean segura,0
odubel herrera,0
alec bohm,0
didi gregorius,0
brad miller,0
ronald torreyes,0
andrew knapp,0
travis jankowski,0
freddy galvis,0
matt vierling,0
rhys hoskins,0
kyle schwarber,0
alec bohm,0
jt realmuto,0
nick castellanos,0
bryson stott,0
jean segura,0
matt vierling,0
darick hall,0
brandon marsh,0
garrett stubbs,0
nick maton,0
edmundo sosa,0
kyle schwarber,0
trea turner,0
nick castellanos,0
bryson stott,0
alec bohm,0
bryce harper,0
jt realmuto,0
brandon marsh,0
edmundo sosa,0
jake cave,0
johan rojas,0
garrett stubbs,0
cristian pache,0
kyle schwarber,0
nick castellanos,0
bryce harper,0
alec bohm,0
bryson stott,0
trea turner,0
brandon marsh,0
jt realmuto,0
johan rojas,0
edmundo sosa,0
garrett stubbs,0
kody clemens,0
weston wilson,0
andrew mccutchen,0
neil walker,0
garrett jones,0
ronny cedeno,0
lyle overbay,0
jose tabata,0
pedro alvarez,0
ryan doumit,0
alex presley,0
josh harrison,0
michael mckenry,0
chase darnaud,0
chris snyder,0
andrew mccutchen,0
pedro alvarez,0
neil walker,0
garrett jones,0
clint barmes,0
jose tabata,0
alex presley,0
rod barajas,0
josh harrison,0
michael mckenry,0
starling marte,0
travis snider,0
gaby sanchez,0
andrew mccutchen,0
pedro alvarez,0
starling marte,0
neil walker,0
russell martin,0
garrett jones,0
jordy mercer,0
jose tabata,0
clint barmes,0
gaby sanchez,0
travis snider,0
michael mckenry,0
marlon byrd,0
andrew mccutchen,0
neil walker,0
jordy mercer,0
josh harrison,0
starling marte,0
russell martin,0
pedro alvarez,0
ike davis,0
travis snider,0
gregory polanco,0
gaby sanchez,0
chris stewart,0
clint barmes,0
andrew mccutchen,0
gregory polanco,0
starling marte,0
neil walker,0
francisco cervelli,0
pedro alvarez,0
josh harrison,0
jordy mercer,0
sean rodriguez,0
aramis ramirez,0
chris stewart,0
mike morse,0
travis ishikawa,0
andrew mccutchen,0
gregory polanco,0
jordy mercer,0
david freese,0
john jaso,0
francisco cervelli,0
jung ho kang,0
sean rodriguez,0
matt joyce,0
adam frazier,0
josh bell,0
eric fryer,0
alen hanson,0
andrew mccutchen,0
josh bell,0
jordy mercer,0
david freese,0
adam frazier,0
gregory polanco,0
starling marte,0
john jaso,0
jose osuna,0
elias diaz,0
chris stewart,0
max moroff,0
sean rodriguez,0
starling marte,0
josh bell,0
corey dickerson,0
colin moran,0
jordy mercer,0
francisco cervelli,0
josh harrison,0
adam frazier,0
elias diaz,0
jose osuna,0
jordan luplow,0
kevin newman,0
pablo reyes,0
josh bell,0
adam frazier,0
starling marte,0
bryan reynolds,0
kevin newman,0
colin moran,0
melky cabrera,0
elias diaz,0
jose osuna,0
jacob stallings,0
cole tucker,0
pablo reyes,0
erik gonzalez,0
adam frazier,0
josh bell,0
bryan reynolds,0
colin moran,0
erik gonzalez,0
gregory polanco,0
kebryan hayes,0
jose osuna,0
jt riddle,0
john ryan murphy,0
jared oliva,0
andrew susac,0
bryan reynolds,0
kevin newman,0
jacob stallings,0
ben gamel,0
colin moran,0
wilmer difo,0
michael perez,0
erik gonzalez,0
hoy park,0
anthony alford,0
yoshi tsutsugo,0
cole tucker,0
michael chavis,0
bryan reynolds,0
kebryan hayes,0
ben gamel,0
jack suwinski,0
oneil cruz,0
kevin newman,0
diego castillo,0
rodolfo castro,0
calvin mitchell,0
tucupita marcano,0
jason delay,0
tyler heineman,0
miguel andujar,0
bryan reynolds,0
jack suwinski,0
kebryan hayes,0
connor joe,0
joshua palacios,0
henry davis,0
liover peguero,0
jared triolo,0
endy rodriguez,0
jason delay,0
nick gonzales,0
alfonso rivas iii,0
miguel andujar,0
bryan reynolds,0
oneil cruz,0
andrew mccutchen,0
jared triolo,0
connor joe,0
nick gonzales,0
joey bart,0
yasmani grandal,0
isiah kiner-falefa,0
bryan de la cruz,0
joshua palacios,0
billy cook,0
nick yorke,0
jason bartlett,0
cameron maybin,0
orlando hudson,0
chase headley,0
ryan ludwick,0
will venable,0
chris denorfia,0
nick hundley,0
alberto gonzalez,0
brad hawpe,0
rob johnson,0
kyle blanks,0
logan forsythe,0
chase headley,0
yonder alonso,0
cameron maybin,0
will venable,0
everth cabrera,0
chris denorfia,0
logan forsythe,0
carlos quentin,0
jesus guzman,0
nick hundley,0
john baker,0
mark kotsay,0
andy parrino,0
chase headley,0
jedd gyorko,0
chris denorfia,0
will venable,0
everth cabrera,0
nick hundley,0
alexi amarista,0
yonder alonso,0
carlos quentin,0
jesus guzman,0
kyle blanks,0
logan forsythe,0
mark kotsay,0
seth smith,0
alexi amarista,0
will venable,0
yasmani grandal,0
jedd gyorko,0
everth cabrera,0
rene rivera,0
yonder alonso,0
cameron maybin,0
tommy medica,0
yangervis solarte,0
carlos quentin,0
rymer liriano,0
matt kemp,0
justin upton,0
yangervis solarte,0
derek norris,0
jedd gyorko,0
alexi amarista,0
cory spangenberg,0
wil myers,0
bj upton,0
clint barmes,0
austin hedges,0
brett wallace,0
travis jankowski,0
wil myers,0
derek norris,0
yangervis solarte,0
travis jankowski,0
jon jay,0
ryan schimpf,0
alex dickerson,0
brett wallace,0
adam rosales,0
alexi amarista,0
luis sardinas,0
hector sanchez,0
oswaldo arcia,0
wil myers,0
manuel margot,0
yangervis solarte,0
cory spangenberg,0
hunter renfroe,0
austin hedges,0
erick aybar,0
jose pirela,0
carlos asuaje,0
allen cordoba,0
matt szczur,0
jabari blash,0
hector sanchez,0
eric hosmer,0
freddy galvis,0
manuel margot,0
jose pirela,0
hunter renfroe,0
travis jankowski,0
wil myers,0
cory spangenberg,0
austin hedges,0
franmil reyes,0
aj ellis,0
francisco mejia,0
luis urias,0
eric hosmer,0
manny machado,0
hunter renfroe,0
wil myers,0
manuel margot,0
greg garcia,0
austin hedges,0
josh naylor,0
luis urias,0
francisco mejia,0
ty france,0
nick martini,0
austin allen,0
fernando tatis jr,0
manny machado,0
trent grisham,0
wil myers,0
jurickson profar,0
jake cronenworth,0
eric hosmer,0
tommy pham,0
austin nola,0
mitch moreland,0
greg garcia,0
jason castro,0
jorge mateo,0
jake cronenworth,0
manny machado,0
eric hosmer,0
tommy pham,0
fernando tatis jr,0
trent grisham,0
wil myers,0
jurickson profar,0
victor caratini,0
ha-seong kim,0
adam frazier,0
webster rivas,0
jake marisnick,0
jake cronenworth,0
jurickson profar,0
manny machado,0
ha-seong kim,0
trent grisham,0
austin nola,0
wil myers,0
jorge alfaro,0
juan soto,0
jose azocar,0
josh bell,0
brandon drury,0
luis campusano,0
juan soto,0
xander bogaerts,0
fernando tatis jr,0
ha-seong kim,0
manny machado,0
trent grisham,0
matthew batten,0
garrett cooper,0
jose azocar,0
brett sullivan,0
jurickson profar,0
jiman choi,0
eguy rosario,0
jurickson profar,0
jake cronenworth,0
manny machado,0
jackson merrill,0
luis arraez,0
xander bogaerts,0
fernando tatis jr,0
donovan solano,0
kyle higashioka,0
david peralta,0
tyler wade,0
elias diaz,0
brandon lockridge,0
ichiro suzuki,0
miguel olivo,0
brendan ryan,0
justin smoak,0
adam kennedy,0
dustin ackley,0
franklin gutierrez,0
mike carp,0
chone figgins,0
jack cust,0
kyle seager,0
michael saunders,0
trayvon robinson,0
dustin ackley,0
kyle seager,0
jesus montero,0
michael saunders,0
justin smoak,0
brendan ryan,0
john jaso,0
miguel olivo,0
casper wells,0
chone figgins,0
mike carp,0
trayvon robinson,0
franklin gutierrez,0
kyle seager,0
kendrys morales,0
justin smoak,0
raul ibanez,0
michael saunders,0
dustin ackley,0
nick franklin,0
brad miller,0
endy chavez,0
mike zunino,0
franklin gutierrez,0
jesus montero,0
henry blanco,0
robinson cano,0
kyle seager,0
dustin ackley,0
mike zunino,0
brad miller,0
logan morrison,0
justin smoak,0
michael saunders,0
endy chavez,0
corey hart,0
kendrys morales,0
austin jackson,0
stefen romero,0
kyle seager,0
robinson cano,0
nelson cruz,0
logan morrison,0
brad miller,0
seth smith,0
mark trumbo,0
ketel marte,0
franklin gutierrez,0
jesus sucre,0
jesus montero,0
shawn omalley,0
john hicks,0
robinson cano,0
kyle seager,0
nelson cruz,0
leonys martin,0
nori aoki,0
ketel marte,0
seth smith,0
adam lind,0
chris iannetta,0
dae-ho lee,0
franklin gutierrez,0
shawn omalley,0
mike zunino,0
kyle seager,0
robinson cano,0
nelson cruz,0
ben gamel,0
danny valencia,0
mike zunino,0
guillermo heredia,0
mitch haniger,0
jarrod dyson,0
taylor motter,0
yonder alonso,0
carlos ruiz,0
daniel vogelbach,0
mitch haniger,0
jean segura,0
kyle seager,0
nelson cruz,0
dee strange-gordon,0
ryon healy,0
mike zunino,0
robinson cano,0
guillermo heredia,0
denard span,0
ben gamel,0
andrew romine,0
david freitas,0
mallex smith,0
daniel vogelbach,0
domingo santana,0
omar narvaez,0
kyle seager,0
dee strange-gordon,0
jp crawford,0
dylan moore,0
tom murphy,0
austin nola,0
shed long jr,0
tim lopes,0
kyle lewis,0
kyle seager,0
kyle lewis,0
jp crawford,0
evan white,0
tim lopes,0
jose marmolejos,0
ty france,0
dee strange-gordon,0
phil ervin,0
joseph odom,0
braden bishop,0
joe hudson,0
mitch haniger,0
jp crawford,0
kyle seager,0
ty france,0
luis torrens,0
jarred kelenic,0
dylan moore,0
tom murphy,0
jake fraley,0
abraham toro,0
jake bauers,0
cal raleigh,0
donovan walton,0
eugenio suarez,0
ty france,0
jp crawford,0
adam frazier,0
julio rodriguez,0
cal raleigh,0
abraham toro,0
carlos santana,0
dylan moore,0
mitch haniger,0
jarred kelenic,0
luis torrens,0
taylor trammell,0
julio rodriguez,0
eugenio suarez,0
teoscar hernandez,0
ty france,0
jp crawford,0
cal raleigh,0
jarred kelenic,0
jose caballero,0
mike ford,0
dylan moore,0
dominic canzone,0
josh rojas,0
sam haggerty,0
cal raleigh,0
julio rodriguez,0
josh rojas,0
jorge polanco,0
luke raley,0
jp crawford,0
dylan moore,0
mitch garver,0
mitch haniger,0
victor robles,0
randy arozarena,0
justin turner,0
luis urias,0
aubrey huff,0
pablo sandoval,0
cody ross,0
andres torres,0
nate schierholtz,0
aaron rowand,0
miguel tejada,0
freddy sanchez,0
mike fontenot,0
eli whiteside,0
brandon crawford,0
pat burrell,0
brandon belt,0
angel pagan,0
buster posey,0
melky cabrera,0
brandon crawford,0
brandon belt,0
gregor blanco,0
pablo sandoval,0
ryan theriot,0
joaquin arias,0
marco scutaro,0
hector sanchez,0
emmanuel burriss,0
brett pill,0
hunter pence,0
buster posey,0
pablo sandoval,0
brandon belt,0
brandon crawford,0
marco scutaro,0
gregor blanco,0
angel pagan,0
andres torres,0
joaquin arias,0
tony abreu,0
hector sanchez,0
nick noonan,0
hunter pence,0
pablo sandoval,0
buster posey,0
brandon crawford,0
mike morse,0
gregor blanco,0
angel pagan,0
joe panik,0
brandon hicks,0
brandon belt,0
joaquin arias,0
hector sanchez,0
juan perez,0
buster posey,0
matt duffy,0
brandon crawford,0
brandon belt,0
angel pagan,0
nori aoki,0
gregor blanco,0
kelby tomlinson,0
marlon byrd,0
ehire adrianza,0
alejandro de aza,0
jarrett parker,0
trevor brown,0
brandon belt,0
denard span,0
brandon crawford,0
buster posey,0
angel pagan,0
joe panik,0
hunter pence,0
gregor blanco,0
conor gillaspie,0
eduardo nunez,0
trevor brown,0
jarrett parker,0
kelby tomlinson,0
joe panik,0
brandon crawford,0
buster posey,0
denard span,0
hunter pence,0
gorkys hernandez,0
nick hundley,0
kelby tomlinson,0
jarrett parker,0
pablo sandoval,0
ryder jones,0
austin slater,0
mac williamson,0
brandon crawford,0
evan longoria,0
brandon belt,0
gorkys hernandez,0
joe panik,0
alen hanson,0
nick hundley,0
hunter pence,0
austin slater,0
gregor blanco,0
kelby tomlinson,0
chase darnaud,0
aramis garcia,0
kevin pillar,0
brandon belt,0
brandon crawford,0
evan longoria,0
buster posey,0
mike yastrzemski,0
stephen vogt,0
donovan solano,0
austin slater,0
alex dickerson,0
mauricio dubon,0
joey rickard,0
jaylin davis,0
mike yastrzemski,0
wilmer flores,0
evan longoria,0
donovan solano,0
brandon crawford,0
brandon belt,0
mauricio dubon,0
alex dickerson,0
joey bart,0
austin slater,0
darin ruf,0
tyler heineman,0
steven duggar,0
brandon crawford,0
mike yastrzemski,0
buster posey,0
wilmer flores,0
lamonte wade jr,0
donovan solano,0
alex dickerson,0
darin ruf,0
austin slater,0
steven duggar,0
evan longoria,0
tommy la stella,0
curt casali,0
wilmer flores,0
mike yastrzemski,0
thairo estrada,0
brandon crawford,0
austin slater,0
joey bart,0
lamonte wade jr,0
david villar,0
austin wynns,0
jd davis,0
jason vosler,0
ford proctor,0
heliot ramos,0
thairo estrada,0
lamonte wade jr,0
michael conforto,0
wilmer flores,0
joc pederson,0
mike yastrzemski,0
patrick bailey,0
blake sabol,0
brandon crawford,0
casey schmitt,0
luis matos,0
austin slater,0
marco luciano,0
matt chapman,0
heliot ramos,0
michael conforto,0
mike yastrzemski,0
patrick bailey,0
lamonte wade jr,0
tyler fitzgerald,0
brett wisely,0
luis matos,0
grant mccray,0
curt casali,0
jerar encarnacion,0
casey schmitt,0
albert pujols,0
lance berkman,0
yadier molina,0
matt holliday,0
jon jay,0
ryan theriot,0
skip schumaker,0
daniel descalso,0
david freese,0
allen craig,0
rafael furcal,0
nick punto,0
tyler greene,0
matt holliday,0
carlos beltran,0
david freese,0
yadier molina,0
rafael furcal,0
allen craig,0
jon jay,0
daniel descalso,0
matt carpenter,0
skip schumaker,0
tyler greene,0
shane robinson,0
tony cruz,0
matt carpenter,0
jon jay,0
matt holliday,0
carlos beltran,0
allen craig,0
yadier molina,0
david freese,0
pete kozma,0
daniel descalso,0
matt adams,0
shane robinson,0
tony cruz,0
kolten wong,0
matt carpenter,0
matt holliday,0
jhonny peralta,0
matt adams,0
jon jay,0
yadier molina,0
kolten wong,0
peter bourjos,0
oscar taveras,0
mark ellis,0
daniel descalso,0
tony cruz,0
randal grichuk,0
matt carpenter,0
jhonny peralta,0
kolten wong,0
jason heyward,0
yadier molina,0
mark reynolds,0
randal grichuk,0
matt holliday,0
stephen piscotty,0
jon jay,0
peter bourjos,0
matt adams,0
tommy pham,0
stephen piscotty,0
yadier molina,0
matt carpenter,0
randal grichuk,0
brandon moss,0
aledmys diaz,0
jedd gyorko,0
matt holliday,0
kolten wong,0
matt adams,0
jhonny peralta,0
greg garcia,0
jeremy hazelbaker,0
matt carpenter,0
yadier molina,0
tommy pham,0
dexter fowler,0
jedd gyorko,0
paul dejong,0
randal grichuk,0
kolten wong,0
stephen piscotty,0
jose martinez,0
aledmys diaz,0
greg garcia,0
luke voit,0
matt carpenter,0
marcell ozuna,0
jose martinez,0
yadier molina,0
paul dejong,0
harrison bader,0
kolten wong,0
jedd gyorko,0
yairo munoz,0
greg garcia,0
tyler oneill,0
francisco pena,0
matt adams,0
paul goldschmidt,0
paul dejong,0
dexter fowler,0
kolten wong,0
matt carpenter,0
yadier molina,0
harrison bader,0
jose martinez,0
tommy edman,0
matt wieters,0
yairo munoz,0
tyler oneill,0
andrew knizner,0
paul goldschmidt,0
tommy edman,0
kolten wong,0
paul dejong,0
brad miller,0
matt carpenter,0
tyler oneill,0
yadier molina,0
harrison bader,0
dylan carlson,0
dexter fowler,0
rangel ravelo,0
matt wieters,0
tommy edman,0
paul goldschmidt,0
nolan arenado,0
dylan carlson,0
tyler oneill,0
yadier molina,0
paul dejong,0
harrison bader,0
edmundo sosa,0
matt carpenter,0
andrew knizner,0
lars nootbaar,0
jose rondon,0
paul goldschmidt,0
tommy edman,0
nolan arenado,0
dylan carlson,0
brendan donovan,0
albert pujols,0
lars nootbaar,0
corey dickerson,0
andrew knizner,0
juan yepez,0
yadier molina,0
paul dejong,0
alec burleson,0
paul goldschmidt,0
tommy edman,0
lars nootbaar,0
jordan walker,0
andrew knizner,0
masyn winn,0
richie palacios,0
luken baker,0
juan yepez,0
jose fermin,0
ivan herrera,0
juniel querecuto,0
irving lopez,0
paul goldschmidt,0
brendan donovan,0
masyn winn,0
nolan arenado,0
alec burleson,0
lars nootbaar,0
michael siani,0
ivan herrera,0
pedro pages,0
jordan walker,0
matt carpenter,0
jose fermin,0
thomas saggese,0
ben zobrist,0
johnny damon,0
bj upton,0
evan longoria,0
casey kotchman,0
matt joyce,0
sean rodriguez,0
sam fuld,0
desmond jennings,0
john jaso,0
reid brignac,0
kelly shoppach,0
elliot johnson,0
ben zobrist,0
bj upton,0
carlos pena,0
desmond jennings,0
matt joyce,0
jeff keppinger,0
luke scott,0
sean rodriguez,0
elliot johnson,0
evan longoria,0
jose molina,0
jose lobaton,0
will rhymes,0
ben zobrist,0
evan longoria,0
desmond jennings,0
james loney,0
yunel escobar,0
matt joyce,0
kelly johnson,0
wil myers,0
jose molina,0
jose lobaton,0
luke scott,0
sean rodriguez,0
sam fuld,0
evan longoria,0
ben zobrist,0
james loney,0
desmond jennings,0
yunel escobar,0
matt joyce,0
kevin kiermaier,0
wil myers,0
logan forsythe,0
brandon guyer,0
david dejesus,0
ryan hanigan,0
sean rodriguez,0
evan longoria,0
logan forsythe,0
asdrubal cabrera,0
kevin kiermaier,0
steven souza jr,0
james loney,0
brandon guyer,0
rene rivera,0
joey butler,0
tim beckham,0
john jaso,0
grady sizemore,0
mikie mahtook,0
evan longoria,0
brad miller,0
logan forsythe,0
corey dickerson,0
kevin kiermaier,0
curt casali,0
mikie mahtook,0
nick franklin,0
luke maile,0
bobby wilson,0
matt duffy,0
alexei ramirez,0
jaff decker,0
evan longoria,0
corey dickerson,0
steven souza jr,0
logan morrison,0
kevin kiermaier,0
brad miller,0
mallex smith,0
adeiny hechavarria,0
daniel robertson,0
wilson ramos,0
peter bourjos,0
lucas duda,0
jesus sucre,0
cj cron,0
matt duffy,0
joey wendle,0
mallex smith,0
carlos gomez,0
jake bauers,0
kevin kiermaier,0
willy adames,0
jesus sucre,0
jiman choi,0
tommy pham,0
brandon lowe,0
nick ciuffo,0
tommy pham,0
austin meadows,0
willy adames,0
avisail garcia,0
jiman choi,0
kevin kiermaier,0
travis darnaud,0
yandy diaz,0
brandon lowe,0
mike zunino,0
joey wendle,0
daniel robertson,0
guillermo heredia,0
brandon lowe,0
willy adames,0
joey wendle,0
kevin kiermaier,0
manuel margot,0
austin meadows,0
jiman choi,0
hunter renfroe,0
yandy diaz,0
mike brosseau,0
michael perez,0
mike zunino,0
randy arozarena,0
brandon lowe,0
randy arozarena,0
austin meadows,0
yandy diaz,0
joey wendle,0
manuel margot,0
kevin kiermaier,0
mike zunino,0
wander franco,0
jiman choi,0
brett phillips,0
francisco mejia,0
nelson cruz,0
randy arozarena,0
yandy diaz,0
taylor walls,0
harold ramirez,0
jiman choi,0
isaac paredes,0
manuel margot,0
wander franco,0
francisco mejia,0
david peralta,0
jose siri,0
vidal brujan,0
christian bethancourt,0
randy arozarena,0
yandy diaz,0
isaac paredes,0
josh lowe,0
harold ramirez,0
taylor walls,0
manuel margot,0
christian bethancourt,0
rene pinto,0
jonathan aranda,0
osleivis basabe,0
curtis mead,0
junior caminero,0
yandy diaz,0
jose caballero,0
jose siri,0
brandon lowe,0
josh lowe,0
jonny deluca,0
ben rortvedt,0
richie palacios,0
taylor walls,0
christopher morel,0
junior caminero,0
jonathan aranda,0
dylan carlson,0
ian kinsler,0
michael young,0
elvis andrus,0
josh hamilton,0
adrian beltre,0
nelson cruz,0
mitch moreland,0
david murphy,0
mike napoli,0
yorvit torrealba,0
endy chavez,0
craig gentry,0
julio borbon,0
ian kinsler,0
elvis andrus,0
adrian beltre,0
michael young,0
nelson cruz,0
josh hamilton,0
david murphy,0
mike napoli,0
mitch moreland,0
craig gentry,0
brandon snyder,0
alberto gonzalez,0
leonys martin,0
elvis andrus,0
adrian beltre,0
ian kinsler,0
aj pierzynski,0
mitch moreland,0
leonys martin,0
david murphy,0
nelson cruz,0
jurickson profar,0
lance berkman,0
craig gentry,0
alex rios,0
geovany soto,0
elvis andrus,0
adrian beltre,0
leonys martin,0
shin-soo choo,0
alex rios,0
rougned odor,0
robinson chirinos,0
michael choice,0
jp arencibia,0
mitch moreland,0
adam rosales,0
prince fielder,0
luis sardinas,0
prince fielder,0
elvis andrus,0
shin-soo choo,0
adrian beltre,0
mitch moreland,0
delino deshields,0
rougned odor,0
leonys martin,0
robinson chirinos,0
josh hamilton,0
adam rosales,0
joey gallo,0
carlos corporan,0
ian desmond,0
adrian beltre,0
rougned odor,0
elvis andrus,0
nomar mazara,0
mitch moreland,0
jurickson profar,0
ryan rua,0
shin-soo choo,0
carlos beltran,0
delino deshields,0
robinson chirinos,0
jonathan lucroy,0
elvis andrus,0
rougned odor,0
shin-soo choo,0
nomar mazara,0
joey gallo,0
mike napoli,0
delino deshields,0
carlos gomez,0
adrian beltre,0
robinson chirinos,0
ryan rua,0
drew robinson,0
jared hoying,0
shin-soo choo,0
jurickson profar,0
joey gallo,0
nomar mazara,0
rougned odor,0
adrian beltre,0
elvis andrus,0
ronald guzman,0
robinson chirinos,0
isiah kiner-falefa,0
delino deshields,0
ryan rua,0
carlos tocci,0
shin-soo choo,0
elvis andrus,0
rougned odor,0
danny santana,0
nomar mazara,0
delino deshields,0
logan forsythe,0
willie calhoun,0
ronald guzman,0
jeff mathis,0
isiah kiner-falefa,0
nick solak,0
jose trevino,0
nick solak,0
isiah kiner-falefa,0
joey gallo,0
rougned odor,0
leody taveras,0
shin-soo choo,0
willie calhoun,0
ronald guzman,0
anderson tejeda,0
derek dietrich,0
jeff mathis,0
eli white,0
sam huff,0
isiah kiner-falefa,0
nathaniel lowe,0
adolis garcia,0
nick solak,0
jose trevino,0
jonah heim,0
willie calhoun,0
andy ibanez,0
charlie culberson,0
brock holt,0
dj peters,0
leody taveras,0
yonny hernandez,0
marcus semien,0
corey seager,0
adolis garcia,0
nathaniel lowe,0
jonah heim,0
kole calhoun,0
leody taveras,0
josh smith,0
bubba thompson,0
sam huff,0
charlie culberson,0
josh jung,0
mark mathias,0
marcus semien,0
nathaniel lowe,0
adolis garcia,0
leody taveras,0
corey seager,0
josh jung,0
jonah heim,0
ezequiel duran,0
robbie grossman,0
mitch garver,0
travis jankowski,0
josh smith,0
evan carter,0
marcus semien,0
adolis garcia,0
josh smith,0
nathaniel lowe,0
wyatt langford,0
leody taveras,0
jonah heim,0
ezequiel duran,0
travis jankowski,0
carson kelly,0
justin foscue,0
jonathan ornelas,0
matt duffy,0
jose bautista,0
yunel escobar,0
adam lind,0
edwin encarnacion,0
jp arencibia,0
aaron hill,0
eric thames,0
corey patterson,0
rajai davis,0
mike mccoy,0
travis snider,0
jose molina,0
brett lawrie,0
edwin encarnacion,0
colby rasmus,0
yunel escobar,0
kelly johnson,0
brett lawrie,0
rajai davis,0
jose bautista,0
jp arencibia,0
adam lind,0
jeff mathis,0
omar vizquel,0
david cooper,0
adeiny hechavarria,0
edwin encarnacion,0
jose bautista,0
adam lind,0
jp arencibia,0
colby rasmus,0
brett lawrie,0
jose reyes,0
maicer izturis,0
melky cabrera,0
rajai davis,0
munenori kawasaki,0
mark derosa,0
josh thole,0
jose bautista,0
jose reyes,0
melky cabrera,0
edwin encarnacion,0
dioner navarro,0
colby rasmus,0
juan francisco,0
adam lind,0
brett lawrie,0
ryan goins,0
danny valencia,0
josh thole,0
kevin pillar,0
josh donaldson,0
jose bautista,0
kevin pillar,0
edwin encarnacion,0
russell martin,0
ryan goins,0
chris colabello,0
justin smoak,0
ben revere,0
ezequiel carrera,0
dioner navarro,0
troy tulowitzki,0
dalton pompey,0
edwin encarnacion,0
josh donaldson,0
kevin pillar,0
michael saunders,0
troy tulowitzki,0
russell martin,0
jose bautista,0
devon travis,0
ezequiel carrera,0
darwin barney,0
ryan goins,0
bj upton,0
josh thole,0
jose bautista,0
justin smoak,0
kevin pillar,0
kendrys morales,0
josh donaldson,0
ryan goins,0
russell martin,0
darwin barney,0
steve pearce,0
ezequiel carrera,0
luke maile,0
miguel montero,0
teoscar hernandez,0
justin smoak,0
kevin pillar,0
teoscar hernandez,0
yangervis solarte,0
kendrys morales,0
randal grichuk,0
aledmys diaz,0
devon travis,0
russell martin,0
lourdes gurriel jr,0
luke maile,0
billy mckinney,0
richard urena,0
randal grichuk,0
vladimir guerrero jr,0
justin smoak,0
teoscar hernandez,0
brandon drury,0
cavan biggio,0
rowdy tellez,0
danny jansen,0
billy mckinney,0
bo bichette,0
luke maile,0
derek fisher,0
reese mcguire,0
cavan biggio,0
vladimir guerrero jr,0
randal grichuk,0
lourdes gurriel jr,0
teoscar hernandez,0
travis shaw,0
danny jansen,0
joe panik,0
bo bichette,0
jonathan villar,0
jonathan davis,0
alejandro kirk,0
marcus semien,0
vladimir guerrero jr,0
bo bichette,0
teoscar hernandez,0
randal grichuk,0
lourdes gurriel jr,0
george springer,0
cavan biggio,0
santiago espinal,0
reese mcguire,0
danny jansen,0
alejandro kirk,0
corey dickerson,0
vladimir guerrero jr,0
bo bichette,0
matt chapman,0
george springer,0
alejandro kirk,0
teoscar hernandez,0
santiago espinal,0
raimel tapia,0
cavan biggio,0
danny jansen,0
whit merrifield,0
bradley zimmer,0
jackie bradley jr,0
george springer,0
vladimir guerrero jr,0
bo bichette,0
whit merrifield,0
matt chapman,0
daulton varsho,0
alejandro kirk,0
kevin kiermaier,0
brandon belt,0
cavan biggio,0
santiago espinal,0
davis schneider,0
tyler heineman,0
vladimir guerrero jr,0
george springer,0
davis schneider,0
ernie clement,0
alejandro kirk,0
spencer horwitz,0
addison barger,0
leo jimenez,0
joey loperfido,0
nathan lukes,0
steward berroa,0
luis de los santos,0
jonatan clase,0
danny espinosa,0
jayson werth,0
ian desmond,0
mike morse,0
ryan zimmerman,0
wilson ramos,0
rick ankiel,0
laynce nix,0
roger bernadina,0
jerry hairston,0
adam laroche,0
alex cora,0
ivan rodriguez,0
danny espinosa,0
adam laroche,0
ryan zimmerman,0
bryce harper,0
ian desmond,0
mike morse,0
steve lombardozzi,0
jayson werth,0
jesus flores,0
roger bernadina,0
rick ankiel,0
tyler moore,0
kurt suzuki,0
denard span,0
ian desmond,0
ryan zimmerman,0
adam laroche,0
jayson werth,0
bryce harper,0
anthony rendon,0
steve lombardozzi,0
wilson ramos,0
tyler moore,0
roger bernadina,0
danny espinosa,0
chad tracy,0
anthony rendon,0
denard span,0
ian desmond,0
jayson werth,0
adam laroche,0
bryce harper,0
danny espinosa,0
wilson ramos,0
ryan zimmerman,0
kevin frandsen,0
jose lobaton,0
asdrubal cabrera,0
nate mclouth,0
bryce harper,0
ian desmond,0
yunel escobar,0
michael a taylor,0
wilson ramos,0
danny espinosa,0
ryan zimmerman,0
jayson werth,0
anthony rendon,0
clint robinson,0
tyler moore,0
jose lobaton,0
dan uggla,0
anthony rendon,0
bryce harper,0
jayson werth,0
danny espinosa,0
daniel murphy,0
ryan zimmerman,0
ben revere,0
trea turner,0
michael a taylor,0
clint robinson,0
stephen drew,0
chris heisey,0
jose lobaton,0
anthony rendon,0
daniel murphy,0
ryan zimmerman,0
bryce harper,0
matt wieters,0
trea turner,0
michael a taylor,0
wilmer difo,0
adam lind,0
jayson werth,0
howie kendrick,0
jose lobaton,0
stephen drew,0
trea turner,0
bryce harper,0
anthony rendon,0
juan soto,0
wilmer difo,0
michael a taylor,0
adam eaton,0
ryan zimmerman,0
matt wieters,0
mark reynolds,0
pedro severino,0
spencer kieboom,0
andrew stevenson,0
juan soto,0
adam eaton,0
anthony rendon,0
victor robles,0
trea turner,0
brian dozier,0
howie kendrick,0
yan gomes,0
matt adams,0
kurt suzuki,0
gerardo parra,0
ryan zimmerman,0
asdrubal cabrera,0
trea turner,0
asdrubal cabrera,0
juan soto,0
victor robles,0
eric thames,0
luis garcia jr,0
kurt suzuki,0
yan gomes,0
michael a taylor,0
josh harrison,0
brock holt,0
andrew stevenson,0
yadiel hernandez,0
juan soto,0
josh bell,0
alcides escobar,0
yadiel hernandez,0
ryan zimmerman,0
carter kieboom,0
andrew stevenson,0
lane thomas,0
jordy mercer,0
alex avila,0
gerardo parra,0
riley adams,0
keibert ruiz,0
cesar hernandez,0
lane thomas,0
nelson cruz,0
victor robles,0
luis garcia jr,0
joey meneses,0
luke voit,0
ildemaro vargas,0
cj abrams,0
riley adams,0
alex call,0
tres barrera,0
joshua palacios,0
lane thomas,0
joey meneses,0
cj abrams,0
dominic smith,0
keibert ruiz,0
luis garcia jr,0
alex call,0
ildemaro vargas,0
jake alu,0
jacob young,0
michael chavis,0
carter kieboom,0
blake rutherford,0
luis garcia jr,0
jacob young,0
keibert ruiz,0
james wood,0
ildemaro vargas,0
joey gallo,0
juan yepez,0
trey lipscomb,0
jose tena,0
dylan crews,0
nasim nunez,0
drew millas,0
darren baker,0
